1DOE:2.51:2.3:BR:1203	O:ARG:4.526:38.664,N:ARG:3.386:96.518,O:ARG:4.449:139.571,N:ALA:4.615:126.652,O:ALA:3.612:139.537,O:GLY:4.871:84.102,N:GLN:3.333:96.563,N:THR:3.490:49.274,OG1:THR:3.083:nan,NE:ARG:3.417:141.449,NH2:ARG:3.863:169.323
1DOE:1.16:2.3:BR:2748	O:VAL:4.380:102.202,O:PRO:4.046:110.977,N:PRO:4.102:141.242,O:PRO:4.230:130.565,N:ALA:4.248:91.726,O:ALA:4.756:56.561,N:LYS:3.514:51.563,N:GLY:2.998:nan,N:LEU:4.900:36.989
1GQP:54.44:2.2:BR:1835	O:GLY:4.925:48.325,N:GLN:3.960:98.689,OE1:GLN:4.974:134.102,NZ:LYS:3.508:nan
1GQP:42.82:2.2:BR:997	N:GLY:3.420:nan,N:ASN:4.737:34.001,N:PRO:4.661:69.895
1GQP:23.75:2.2:BR:1708	NE:ARG:4.169:105.306,O:GLY:3.731:46.139,N:HIS:3.801:79.533,O:LYS:4.417:75.926,N:CYS:4.704:49.312,O:CYS:4.957:24.585,N:GLN:3.620:nan
1GQP:39.99:2.2:BR:2451	O:LYS:4.976:39.128,N:GLY:3.310:nan,N:ASN:4.584:35.480,N:PRO:4.603:72.015
1GQP:10.14:2.2:BR:2062	ND2:ASN:3.232:nan,N:GLY:4.759:69.525,OE1:GLN:3.539:124.249,NE2:GLN:3.598:87.537,NE2:HIS:4.952:124.148,NE2:GLN:4.790:109.885
1GQP:24.69:2.2:BR:3227	NE:ARG:4.033:102.374,O:GLY:3.929:44.583,N:HIS:3.896:77.022,ND1:HIS:4.330:94.499,O:LYS:4.586:73.390,N:CYS:4.655:49.850,O:CYS:4.934:25.191,N:GLN:3.685:nan
1IHR:17.68:1.55:BR:354	N:ARG:3.364:nan,NE:ARG:4.409:88.704,N:GLU:3.405:139.990,OE2:GLU:4.983:139.490
1IHR:56.80:1.55:BR:1114	NH1:ARG:3.892:112.772,NE:ARG:4.699:28.061,NH1:ARG:3.307:nan
1IHR:53.69:1.55:BR:2259	NH1:ARG:3.847:nan,NH2:ARG:4.992:26.129,NH1:ARG:3.937:117.560
1IHR:26.03:1.55:BR:2359	N:ARG:4.124:151.891,NE:ARG:4.948:74.540,N:GLU:3.210:nan
1IMX:51.82:1.82:BR:521	N:PHE:3.155:nan,N:ASN:3.509:46.319,O:ASN:3.940:76.578,OD1:ASN:4.395:76.392
1RAZ:5.48:1.9:BR:1351	NE2:HIS:3.644:62.900,NE2:HIS:4.372:49.502,OE1:GLU:4.813:55.139,ND1:HIS:3.639:nan,N:THR:3.822:125.060,OG1:THR:3.641:83.985,N:THR:4.897:129.028
1VP6:63.52:1.7:BR:882	N:GLY:3.240:nan,O:GLY:4.534:35.794
1VP6:15.54:1.7:BR:1180	NE:ARG:3.475:96.345,NH2:ARG:4.064:127.709,NE:ARG:4.970:89.881,NH1:ARG:3.446:112.074,OG:SER:3.116:nan,NE2:HIS:3.446:81.055
1VP6:30.76:1.7:BR:1090	O:ILE:3.787:119.503,NE:ARG:4.750:87.317,NE:ARG:4.388:31.318,NH2:ARG:3.419:nan
1VP6:58.22:1.7:BR:710	NH2:ARG:4.797:nan
1VP6:81.90:1.7:BR:737	O:ALA:4.095:32.399,N:GLY:3.969:nan
1VP6:72.25:1.7:BR:1107	OG1:THR:4.100:nan
1VP6:102.72:1.7:BR:777	NH2:ARG:3.350:nan
1VP6:6.80:1.7:BR:1405	O:MET:3.996:129.906,SD:MET:4.968:126.370,N:SER:4.575:97.986,OG:SER:4.210:128.603,O:ALA:4.274:73.333,NE:ARG:3.171:44.317,NH1:ARG:3.954:35.020,NH2:ARG:2.895:nan
1VP6:11.55:1.7:BR:1439	O:TRP:4.940:138.586,O:VAL:4.512:102.168,N:ALA:4.164:130.816,O:ALA:4.860:119.256,NH1:ARG:4.243:32.630,NH2:ARG:3.741:nan
1VP6:39.72:1.7:BR:609	N:GLY:4.006:93.407,O:GLY:3.764:54.400,N:PRO:3.879:48.090,N:ALA:3.465:nan,N:VAL:3.594:48.168
1VP6:45.51:1.7:BR:1665	O:ALA:4.582:113.958,NE:ARG:4.400:nan,NH2:ARG:4.766:28.744
1VP6:35.89:1.7:BR:670	NE:ARG:3.587:38.107,NH2:ARG:3.450:nan,O:PRO:4.699:69.915,N:ALA:4.655:51.033,O:ALA:4.552:94.554
1VP6:0.00:1.7:BR:2178	NE:ARG:3.136:64.182,NH1:ARG:4.114:95.976,NH2:ARG:3.534:77.358,NE:ARG:3.803:125.711,NH1:ARG:4.025:107.298,NH2:ARG:4.888:135.027,O:SER:4.287:46.654,OG:SER:2.923:nan,N:LEU:4.005:64.023,O:LEU:4.570:101.866,N:HIS:3.923:111.491,ND1:HIS:3.484:128.385,NE2:HIS:3.177:145.105
1VP6:1.99:1.7:BR:1692	NE:ARG:4.262:29.744,NH2:ARG:2.794:nan,NE:ARG:3.824:129.786,NH1:ARG:3.233:117.645,NH2:ARG:3.764:154.917,NE:ARG:4.619:72.600,NH1:ARG:3.380:54.478,OG:SER:3.694:76.159
1VP6:29.76:1.7:BR:2088	O:ILE:3.552:122.101,SG:CYS:4.187:65.078,NE:ARG:4.699:89.743,NE:ARG:4.280:32.064,NH2:ARG:3.274:nan
1VP6:11.98:1.7:BR:2403	O:MET:4.188:63.323,N:SER:4.578:83.321,OG:SER:4.466:45.943,O:ALA:4.504:98.337,NE:ARG:3.881:35.666,NH2:ARG:3.573:nan
2CIX:37.53:1.8:BR:2735	NZ:LYS:4.823:102.348,N:PRO:4.662:79.840,O:PRO:4.606:67.043,N:GLY:4.965:46.208,N:ALA:3.384:nan
2CIX:31.75:1.8:BR:1344	NE:ARG:3.236:104.648,NH2:ARG:4.655:90.994,O:VAL:4.146:78.571,ND2:ASN:3.090:nan
2CIX:73.41:1.8:BR:1775	N:HIS:4.922:38.119,O:HIS:4.790:66.340,ND1:HIS:4.709:nan
2V2V:34.23:2.4:BR:2407	O:TYR:4.290:42.608,N:PRO:3.727:46.456,N:GLU:3.610:nan,OE1:GLU:4.695:74.965
2V2V:13.54:2.4:BR:2566	O:ILE:4.546:145.606,N:GLU:4.430:155.067,O:GLU:4.570:138.555,N:ASN:3.783:138.910,O:ASN:4.821:102.401,O:PRO:4.844:68.870,N:PHE:4.941:46.207,N:VAL:3.361:nan,O:VAL:4.031:44.431
2V2V:20.44:2.4:BR:816	NE:ARG:3.386:40.658,NH2:ARG:3.246:nan,O:LEU:3.783:72.256,N:ARG:4.495:101.172,O:ARG:4.436:125.194,N:GLU:3.532:153.257,OE2:GLU:3.254:115.491
2V2V:35.45:2.4:BR:676	SD:MET:3.686:nan,O:TYR:4.976:75.231,NH2:ARG:4.815:84.689
2V2V:76.96:2.4:BR:2431	OD1:ASN:4.897:25.501,ND2:ASN:3.636:nan,NE:ARG:3.880:73.111,NH2:ARG:4.069:87.250
2V2V:31.74:2.4:BR:4567	O:TYR:4.471:44.915,N:PRO:3.643:47.911,N:GLU:3.480:nan,OE1:GLU:4.541:77.384
2V2V:13.28:2.4:BR:4720	O:ILE:4.408:142.330,N:GLU:4.349:146.936,O:GLU:4.509:130.682,N:ASN:3.708:135.595,O:ASN:4.720:104.511,O:PRO:4.881:71.382,N:PHE:4.943:46.405,N:VAL:3.352:nan,O:VAL:4.170:42.234
2V2V:63.67:2.4:BR:3205	SD:MET:4.875:71.665,NE:ARG:3.586:38.987,NH2:ARG:3.224:nan
2VMF:13.97:2.1:BR:1891	O:ASP:4.849:66.133,N:ILE:3.505:nan,O:ILE:3.675:48.688,N:VAL:4.071:88.895,N:LYS:3.826:77.745,OH:TYR:4.915:65.161
2VMF:61.09:2.1:BR:3333	O:ILE:4.338:72.402,N:ASN:4.858:46.073,OD1:ASN:4.696:76.225,N:HIS:3.196:nan,O:HIS:4.092:44.410
2VMF:37.79:2.1:BR:5039	O:PHE:4.001:nan,N:ARG:4.997:26.191,O:ARG:4.444:66.933,N:HIS:4.749:67.033
2VMF:13.12:2.1:BR:1906	OE1:GLN:3.373:nan,O:THR:4.682:98.443,N:LEU:4.815:86.981,O:LEU:4.531:88.422,N:PRO:3.830:118.580,OH:TYR:4.732:61.700,ND2:ASN:4.160:93.166
2VMF:37.47:2.1:BR:6653	O:GLN:4.400:106.471,NE2:GLN:3.631:115.027,N:GLN:4.416:76.692,O:GLN:4.676:42.724,N:ASN:3.861:46.353,N:ASP:3.343:nan,OD1:ASP:4.945:54.515,N:SER:4.895:33.397
2VMF:24.34:2.1:BR:4907	O:GLY:4.753:168.547,O:LYS:4.750:69.462,N:PHE:4.999:46.707,N:THR:3.403:nan,OG1:THR:4.130:45.367
2VMF:39.94:2.1:BR:5754	OE1:GLN:4.381:112.367,N:ILE:3.548:48.665,N:GLU:3.108:nan,N:SER:4.700:35.195
2VMF:35.90:2.1:BR:4286	OE1:GLU:4.603:138.180,NE:ARG:4.162:96.888,ND2:ASN:3.462:nan
2VMF:30.98:2.1:BR:6137	OE1:GLN:4.445:38.324,NH2:ARG:3.697:nan,ND1:HIS:4.971:108.726,N:PHE:4.398:109.882,O:PHE:4.466:145.102
2VMF:13.89:2.1:BR:8703	O:ASP:4.879:66.252,N:ILE:3.502:nan,O:ILE:3.525:50.351,N:VAL:4.008:89.167,N:LYS:3.811:75.706,OH:TYR:4.917:66.996
2VMF:34.31:2.1:BR:13504	O:GLN:4.373:103.901,NE2:GLN:3.390:113.692,N:GLN:4.459:74.629,O:GLN:4.649:41.065,N:ASN:3.885:46.170,N:ASP:3.296:nan,OD1:ASP:4.890:57.150,N:SER:4.966:33.129
2VMF:41.70:2.1:BR:11877	O:PHE:4.128:nan,O:ARG:4.496:62.680,N:HIS:4.627:69.587
2VMF:22.99:2.1:BR:11752	O:GLY:4.996:168.791,O:LYS:4.623:68.027,N:THR:3.378:nan,OG1:THR:3.782:48.871
2VMF:36.08:2.1:BR:9594	OE1:GLU:4.339:91.162,NE:ARG:4.117:nan,ND2:ASN:4.180:91.369
2VMF:4.02:2.1:BR:11044	O:ASN:3.374:92.912,N:TRP:4.820:141.064,NE1:TRP:3.718:144.443,SD:MET:4.444:58.276,O:PHE:4.728:37.159,NZ:LYS:4.871:73.124,ND2:ASN:3.274:nan,O:ASP:4.677:138.190
2VMF:50.21:2.1:BR:12986	OE1:GLN:4.371:43.340,NH1:ARG:3.673:nan,NH2:ARG:4.892:26.208,N:PHE:4.496:109.309,O:PHE:4.678:139.527
2X40:29.70:2.31:BR:9812	O:LEU:4.368:60.304,NE:ARG:4.543:98.537,NH1:ARG:3.461:118.475,NE:ARG:4.433:67.102,NH1:ARG:4.325:53.817,OH:TYR:3.252:nan
2X40:0.22:2.31:BR:8326	O:ARG:4.486:64.638,N:ILE:4.397:93.783,O:ILE:4.503:126.223,N:SER:4.101:111.847,OG:SER:3.509:114.574,NE:ARG:4.169:133.244,NH1:ARG:4.338:119.873,N:GLY:3.398:nan,O:GLY:4.606:51.428,N:SER:3.710:44.310,O:SER:4.809:62.243,NE2:GLN:4.518:44.560
2X40:0.06:2.31:BR:2382	O:MET:4.911:76.027,N:ASN:4.868:52.496,ND2:ASN:3.045:nan,N:ILE:3.464:88.876,N:ALA:3.352:69.528,N:ASN:4.455:46.071,OD1:ASN:4.189:90.443,ND2:ASN:3.506:82.301,O:TYR:3.872:128.903
2X40:15.11:2.31:BR:9428	O:THR:4.835:91.797,OG1:THR:4.565:61.157,N:GLU:4.263:108.395,OE2:GLU:4.105:159.066,O:LYS:4.359:73.017,N:VAL:4.737:45.205,N:VAL:3.560:nan,O:VAL:4.737:37.164
3DY9:7.85:1.7:BR:2694	NH1:ARG:3.341:78.894,NH2:ARG:3.469:98.055,N:LYS:3.435:125.951,O:GLN:4.336:72.025,N:ILE:4.740:43.811,N:TYR:3.265:nan,N:ALA:4.953:31.433
3DY9:25.48:1.7:BR:1102	O:ALA:4.579:150.171,N:TYR:4.813:122.818,O:TYR:4.215:80.310,N:PRO:3.759:100.057,N:SER:3.454:57.177,OG:SER:2.937:nan,N:LEU:4.651:42.300
3DY9:46.63:1.7:BR:781	OE1:GLU:4.573:108.301,OE2:GLU:4.798:107.729,N:PRO:4.827:48.011,N:VAL:3.242:nan
3DY9:18.08:1.7:BR:702	O:ASN:4.243:126.233,OD1:ASN:4.449:153.153,O:PRO:4.942:60.571,N:MET:4.216:86.652,NZ:LYS:3.363:nan
3DY9:22.45:1.7:BR:725	NZ:LYS:3.696:nan,O:ALA:4.680:169.299,N:PRO:4.739:134.252
3DY9:75.89:1.7:BR:2319	OE1:GLU:4.407:109.622,OE2:GLU:4.897:112.943,OD1:ASN:4.421:30.274,ND2:ASN:3.464:nan
3DY9:101.35:1.7:BR:980	NZ:LYS:3.197:nan
3DY9:49.24:1.7:BR:865	O:LYS:4.550:93.157,NZ:LYS:4.321:nan,N:CYS:4.367:102.139
3K9U:50.16:2.3:BR:788	N:SER:3.386:49.784,OG:SER:3.112:nan
3MPR:0.00:1.9:BR:3848	O:LYS:4.520:100.109,NZ:LYS:4.192:145.016,NE:ARG:3.358:74.612,NH2:ARG:3.503:111.877,ND1:HIS:4.173:105.138,N:GLN:3.971:86.764,N:SER:3.465:51.701,OG:SER:3.120:nan,OE1:GLU:4.390:127.882,OE2:GLU:4.905:120.088
3MPR:26.03:1.9:BR:5390	O:PRO:4.848:88.102,N:SER:4.070:111.110,O:HIS:3.990:64.091,ND1:HIS:4.016:65.515,NE2:HIS:4.708:61.730,N:HIS:3.616:nan,O:HIS:4.605:36.897
3MPR:46.61:1.9:BR:1692	N:LEU:3.619:48.352,N:HIS:3.267:nan,ND1:HIS:3.377:62.796,O:ASP:4.929:104.235
3MPR:8.99:1.9:BR:2938	O:SER:3.781:113.239,O:LYS:4.972:91.457,SG:CYS:4.402:108.045,OD1:ASP:3.595:35.731,OD2:ASP:3.555:nan
3MPR:40.05:1.9:BR:4278	O:PHE:3.710:nan,N:ASN:4.913:25.733,O:ASN:4.872:64.750,OG:SER:4.470:59.984,O:PHE:4.957:96.528
3MPR:11.89:1.9:BR:6049	NE2:GLN:3.273:nan,O:ALA:4.892:46.689,O:LEU:4.221:113.140,N:PRO:3.541:98.424,N:GLY:3.280:146.848,N:TYR:4.887:145.709,ND1:HIS:4.611:67.288,NE2:HIS:4.575:42.279
3MPR:0.04:1.9:BR:8419	O:LYS:4.534:100.924,NZ:LYS:5.000:141.422,NE:ARG:3.384:76.959,NH2:ARG:3.522:114.270,N:GLN:3.982:85.742,N:SER:3.471:51.373,OG:SER:3.137:nan
3MPR:49.74:1.9:BR:6295	N:LEU:3.788:46.891,N:HIS:3.335:nan,ND1:HIS:3.446:62.848
3MPR:0.34:1.9:BR:12904	O:LYS:4.428:107.472,NE:ARG:3.445:80.443,NH2:ARG:3.731:115.462,ND1:HIS:4.304:101.526,N:GLN:4.076:84.638,N:SER:3.428:52.647,OG:SER:4.659:21.521,OG:SER:3.041:nan
3MPR:1.47:1.9:BR:11050	NE:ARG:4.171:32.683,NH1:ARG:3.083:nan,OG:SER:4.194:148.296,O:PRO:4.395:62.285,N:ARG:4.959:88.573,NH1:ARG:4.325:41.888,N:ILE:3.599:129.775,O:ILE:4.335:170.591,N:HIS:4.752:131.174,O:HIS:4.070:105.084,ND1:HIS:4.746:71.622
3MPR:2.93:1.9:BR:13158	OH:TYR:4.948:150.098,O:LEU:4.689:100.028,SG:CYS:4.867:54.781,N:ASP:3.226:107.508,O:ASP:4.316:85.629,NZ:LYS:2.956:nan,NZ:LYS:4.517:70.869
3MPR:23.77:1.9:BR:15063	NE2:GLN:3.291:nan,O:ALA:4.966:48.750,O:LEU:4.298:113.906,N:PRO:3.683:100.550,N:GLY:3.413:147.207,N:TYR:4.856:146.761
3MPR:47.64:1.9:BR:15309	N:LEU:3.703:48.626,N:HIS:3.214:nan,ND1:HIS:3.299:63.419
3MPR:0.58:1.9:BR:17505	O:LYS:4.776:106.155,NZ:LYS:4.564:173.046,NE:ARG:3.995:81.007,NH2:ARG:4.668:109.379,N:GLN:4.242:86.373,N:SER:3.558:53.289,N:SER:3.562:53.011,OG:SER:4.562:20.898,OG:SER:2.926:nan
3O7O:20.21:2.41:BR:1873	N:THR:3.339:nan,O:THR:3.728:45.167,OG1:THR:4.344:41.536,N:LYS:4.117:89.725,N:CYS:3.674:129.177,SG:CYS:3.664:165.466
3O7O:41.57:2.41:BR:1371	O:HIS:4.513:73.995,ND1:HIS:3.935:123.803,N:HIS:3.820:57.239,O:HIS:4.195:32.582,N:GLU:3.790:nan,O:GLN:3.820:46.670,N:PHE:4.551:73.956
3O7O:44.08:2.41:BR:2114	O:PRO:4.691:66.044,N:PHE:4.936:58.069,O:LYS:4.632:nan,N:ASP:4.741:66.582,NE2:HIS:4.827:123.841
3O7O:18.08:2.41:BR:4046	O:GLU:4.868:58.632,N:THR:3.151:nan,O:THR:3.626:47.769,OG1:THR:4.280:41.507,N:LYS:4.157:92.470,N:CYS:3.807:132.271,SG:CYS:3.662:160.956
3O7O:41.00:2.41:BR:3530	O:HIS:4.166:54.316,ND1:HIS:3.256:nan,N:HIS:3.732:76.709,O:HIS:4.265:112.831,N:GLU:4.009:129.104,O:GLN:3.915:116.976,N:PHE:4.241:91.010
3O7O:33.98:2.41:BR:4304	OG:SER:4.284:104.114,O:LYS:4.941:69.494,N:PHE:4.072:56.126,O:PHE:3.716:35.837,N:ASP:3.661:nan
3O7O:33.55:2.41:BR:2727	O:LEU:4.336:70.383,N:MET:4.862:46.400,N:THR:3.472:nan,OG1:THR:4.305:40.890,N:LYS:3.989:41.940,O:LYS:4.323:65.547
4BWO:10.90:1.8:BR:2451	N:THR:3.513:126.944,OG1:THR:4.085:143.117,N:ALA:3.528:158.865,O:ALA:4.196:120.296,N:THR:3.490:45.457,OG1:THR:4.024:51.000,N:ALA:3.486:nan,O:ALA:4.284:41.847
4BWO:0.38:1.8:BR:1411	OE1:GLN:3.614:64.158,O:ARG:3.592:77.113,NE:ARG:3.674:82.914,NH2:ARG:4.445:70.174,N:VAL:3.977:109.097,O:VAL:4.326:146.309,N:SER:3.902:147.858,OG:SER:3.856:148.257,OE2:GLU:4.745:121.826,O:GLU:3.611:106.437,OE1:GLU:4.853:108.742,N:ILE:4.203:75.108,N:SER:4.222:42.777,OG:SER:3.036:nan
4BWO:4.80:1.8:BR:1085	OE1:GLN:3.359:92.471,NE2:GLN:3.862:112.563,NE:ARG:3.769:34.182,NH1:ARG:4.344:15.361,NH2:ARG:2.206:nan,OG:SER:3.180:110.165
4BWO:33.46:1.8:BR:1584	O:THR:4.397:86.311,OG1:THR:4.011:78.578,N:CYS:4.962:110.710,N:GLN:4.390:151.107,O:SER:3.810:119.117,OG:SER:3.525:127.710,N:PHE:3.911:86.788,O:PHE:4.282:48.274,N:SER:3.917:49.759,OG:SER:4.751:23.712,OG:SER:3.259:nan
4BWO:26.63:1.8:BR:914	O:THR:3.559:56.628,OG1:THR:2.798:nan,N:CYS:3.449:66.617,O:CYS:3.987:99.566,N:GLN:3.548:128.235,O:SER:4.031:123.214,OG:SER:4.577:156.442,N:PHE:4.824:109.761,N:SER:4.332:65.967,OG:SER:4.439:76.007
4BWO:26.50:1.8:BR:591	OG:SER:4.667:45.699,N:ALA:3.694:nan,O:THR:4.824:126.514,SD:MET:4.660:113.715,NE1:TRP:4.231:70.587
4BWO:57.32:1.8:BR:1330	O:ASN:4.775:72.282,N:LYS:4.966:46.814,N:LYS:3.343:nan,NZ:LYS:4.003:90.193
4BWO:51.79:1.8:BR:1001	O:TRP:4.254:89.221,N:LYS:4.864:61.735,N:ASN:3.987:47.409,N:GLY:3.359:nan
4BWO:0.90:1.8:BR:2564	O:ARG:3.568:80.779,NE:ARG:3.744:83.552,NH2:ARG:4.526:68.939,N:VAL:3.995:113.075,O:VAL:4.420:150.109,N:SER:3.944:150.513,OE2:GLU:4.856:123.931,O:GLU:3.546:108.178,OE1:GLU:4.673:104.777,N:ILE:4.095:75.775,O:ILE:4.871:42.321,N:SER:4.092:44.609,OG:SER:3.143:nan
4BWO:16.02:1.8:BR:1736	N:SER:3.639:49.157,OG:SER:4.864:43.626,N:ALA:3.480:nan,O:ALA:4.753:33.800,O:THR:4.481:129.234,N:GLN:4.731:132.268,O:GLN:4.555:129.546,N:MET:4.743:152.291,SD:MET:4.458:105.303,NE1:TRP:4.614:69.232
4BWO:28.43:1.8:BR:2059	O:THR:3.798:52.190,OG1:THR:3.352:nan,N:CYS:4.159:55.131,O:CYS:4.941:78.171,N:GLN:3.987:103.772,O:SER:3.710:116.218,N:PHE:4.131:115.839,O:PHE:4.609:97.646,N:SER:3.861:69.322,OG:SER:4.804:61.612
4BWO:3.14:1.8:BR:2248	NE2:GLN:3.125:108.045,OE1:GLN:4.816:124.032,NE2:GLN:3.165:104.510,NE:ARG:3.844:34.013,NH1:ARG:4.555:11.088,NH2:ARG:2.350:nan,OG:SER:2.875:118.035
4BWO:57.47:1.8:BR:2075	OE1:GLN:4.457:28.096,NE2:GLN:3.093:nan,O:ALA:3.821:41.279,O:GLY:4.958:73.186,N:THR:4.983:98.536,NE2:GLN:3.957:59.601
4BWO:24.78:1.8:BR:2466	OE1:GLN:3.833:143.395,O:CYS:3.806:55.736,N:GLY:4.866:45.330,N:ASN:3.258:nan,OD1:ASN:4.453:52.268,N:LYS:4.422:38.907,NZ:LYS:3.690:98.438
4NSG:18.23:2.0:BR:1194	NH1:ARG:4.263:124.466,NE2:HIS:3.863:88.241,O:SER:4.089:56.474,N:ASP:4.982:43.079,OD1:ASP:4.377:45.294,OD2:ASP:4.821:67.836,N:ILE:3.572:nan
4NSG:43.31:2.0:BR:1103	ND2:ASN:4.825:80.154,ND2:ASN:3.199:nan,O:ASN:4.280:74.257,N:ILE:4.067:55.018,O:ILE:3.904:56.145,N:PRO:3.610:90.733
4NSG:15.24:2.0:BR:631	O:HIS:4.082:81.534,ND1:HIS:3.071:nan,O:THR:3.820:106.102,OG1:THR:4.735:55.449,N:ASN:4.372:132.098,OD1:ASN:3.716:167.685,ND2:ASN:4.167:136.293,NZ:LYS:4.418:116.398
4NSG:53.25:2.0:BR:631	O:ARG:3.718:88.679,NE:ARG:3.841:84.515,NH2:ARG:4.084:83.421,N:HIS:4.538:59.164,ND1:HIS:3.368:nan,NE2:HIS:4.577:26.004
4NSG:69.67:2.0:BR:701	O:ARG:4.594:84.352,OH:TYR:3.099:nan,N:GLY:4.574:68.959
4NSG:15.93:2.0:BR:707	O:SER:4.975:38.785,OG:SER:3.240:nan,N:LEU:4.347:57.361,N:GLY:3.284:74.798,N:ASN:4.791:53.451,O:VAL:4.264:105.288,N:GLN:4.053:107.633
4NSG:16.14:2.0:BR:1061	OD1:ASN:3.751:129.971,OD1:ASP:4.452:50.579,N:GLY:3.737:83.987,O:GLY:4.165:71.071,N:ARG:3.565:47.468,N:THR:3.335:nan,O:THR:3.532:56.001,N:PRO:4.566:42.976,OG:SER:3.653:83.275
4NSG:40.48:2.0:BR:773	NE:ARG:4.666:165.902,NZ:LYS:4.032:nan
4NSG:33.26:2.0:BR:1037	O:ASN:4.509:50.435,ND2:ASN:3.201:nan,ND2:ASN:4.883:79.206,O:ILE:4.772:89.248,N:PRO:3.998:111.390
4QRY:1.41:2.2:BR:1865	O:VAL:4.558:83.320,N:SER:4.493:111.916,OG:SER:4.773:124.931,OG:SER:3.968:39.023,O:ARG:4.947:42.482,O:THR:3.698:66.373,OG1:THR:2.988:nan,N:TRP:4.035:52.983,NE1:TRP:4.581:81.741,OG:SER:3.637:128.966,NZ:LYS:3.672:140.057,O:VAL:4.473:82.851,N:SER:4.340:112.386,OG:SER:4.810:126.285,OG:SER:3.984:38.172,O:ARG:4.904:38.054,O:THR:3.960:65.055,OG1:THR:3.100:1.553,N:TRP:4.128:53.113,NE1:TRP:4.652:78.059,OG:SER:3.335:115.066,NZ:LYS:3.468:141.441
4QRY:6.92:2.2:BR:7881	OD1:ASN:4.136:33.017,ND2:ASN:3.432:0.269,OG1:THR:4.419:74.198,N:LYS:4.906:70.714,N:PRO:4.681:90.753,O:PRO:4.823:94.889,NZ:LYS:4.153:153.013,OD1:ASN:4.089:33.393,ND2:ASN:3.323:nan,OG1:THR:4.239:75.578,N:LYS:4.927:70.466,N:PRO:4.482:94.755,O:PRO:4.755:97.882,NZ:LYS:3.691:148.816
4QRY:0.88:2.2:BR:3858	O:SER:3.746:63.228,OG:SER:3.294:nan,N:THR:3.888:47.399,N:ILE:4.947:102.029,O:ALA:4.750:131.091,NZ:LYS:3.352:68.337,O:SER:3.652:58.237,OG:SER:4.310:9.263,N:THR:4.217:44.874,N:ILE:4.595:101.167,O:ALA:4.368:142.070,NZ:LYS:4.425:46.775
4QRY:12.82:2.2:BR:11231	OD1:ASN:4.277:163.616,ND2:ASN:3.577:133.936,OG1:THR:4.550:136.779,N:PRO:4.642:74.349,O:PRO:4.916:103.492,OD1:ASN:4.529:162.374,ND2:ASN:3.845:134.716,OG1:THR:4.592:138.914,O:ASP:4.879:38.039,N:PRO:4.364:76.864,O:PRO:4.459:108.825,NZ:LYS:3.430:nan
4QRY:0.65:2.2:BR:5816	O:SER:3.964:60.201,OG:SER:3.218:nan,N:THR:3.937:45.031,O:ALA:4.667:134.160,NZ:LYS:3.582:62.828,O:SER:3.787:60.959,OG:SER:4.285:5.751,N:THR:4.009:45.552,N:ILE:4.769:100.273,O:ALA:4.394:146.803,NZ:LYS:4.090:49.537
4QRY:7.23:2.2:BR:11824	N:PRO:4.518:135.753,O:PRO:4.820:165.188,NZ:LYS:3.593:84.313,OD1:ASN:4.232:78.561,ND2:ASN:3.494:71.851,OG1:THR:4.350:133.827,N:LYS:4.857:82.274,N:PRO:4.713:135.638,O:PRO:4.942:162.957,NZ:LYS:3.635:86.167,OD1:ASN:3.538:77.925,ND2:ASN:4.424:75.521,OG1:THR:4.753:133.885,N:LYS:4.942:84.722,NZ:LYS:3.368:nan
4QRY:1.42:2.2:BR:1865	O:VAL:4.499:84.253,N:SER:4.437:113.114,OG:SER:4.788:124.134,OG:SER:3.998:38.657,O:THR:3.645:67.005,OG1:THR:3.000:nan,N:TRP:4.035:52.939,NE1:TRP:4.664:80.192,OG:SER:3.595:130.126,NZ:LYS:3.716:137.439,O:VAL:4.413:83.778,N:SER:4.282:113.650,OG:SER:4.824:125.519,OG:SER:4.018:37.752,O:ARG:4.953:37.318,O:THR:3.908:65.716,OG1:THR:3.113:1.517,N:TRP:4.126:53.096,NE1:TRP:4.733:76.608,OG:SER:3.295:115.894,NZ:LYS:3.510:138.771
4QRY:9.79:2.2:BR:9273	OD1:ASN:4.579:156.395,ND2:ASN:3.811:158.359,OG1:THR:4.919:136.555,N:PRO:4.826:103.051,NZ:LYS:3.656:4.432,OD1:ASN:4.537:156.898,ND2:ASN:3.700:158.328,OG1:THR:4.735:135.421,O:ASP:4.839:65.416,N:PRO:4.591:99.076,NZ:LYS:3.178:nan
4QRY:0.00:2.2:BR:3822	O:VAL:4.523:105.440,N:SER:4.815:113.590,OG:SER:4.898:150.560,OG:SER:4.643:101.450,O:ARG:4.918:78.105,O:LEU:4.730:39.190,N:THR:3.769:63.562,O:THR:2.449:nan,OG1:THR:3.140:111.013,N:TRP:3.348:41.792,N:SER:4.915:28.391,OG:SER:3.826:54.159,O:VAL:4.444:104.727,N:SER:4.320:110.765,OG:SER:3.938:119.722,O:ARG:4.998:72.762,O:THR:3.779:19.034,OG1:THR:3.204:79.112,N:TRP:4.265:36.599,NE1:TRP:4.582:87.201,OG:SER:3.401:37.602,NZ:LYS:3.478:98.245
4QRY:13.08:2.2:BR:3960	OD1:ASN:3.828:35.894,ND2:ASN:3.074:nan,OG1:THR:4.650:75.117,N:LYS:4.844:75.233,NZ:LYS:4.655:80.180,N:PRO:4.970:90.957,OD1:ASN:4.066:36.226,ND2:ASN:3.308:7.077,OG1:THR:4.665:72.532,N:LYS:4.855:72.245,NZ:LYS:4.794:74.040,N:PRO:4.613:84.234,O:PRO:4.755:85.948,NZ:LYS:3.810:138.781
4QRY:0.00:2.2:BR:5780	O:VAL:4.757:106.253,N:SER:4.577:116.355,OG:SER:4.927:157.763,OG:SER:4.821:98.405,O:ARG:4.902:76.228,O:LEU:4.893:41.327,N:THR:3.933:58.866,O:THR:2.572:nan,OG1:THR:3.193:105.502,N:TRP:3.460:40.667,N:SER:4.849:28.238,OG:SER:3.731:56.324,NZ:LYS:4.641:94.868,O:VAL:4.297:106.088,N:SER:4.522:114.759,OG:SER:4.758:150.614,OG:SER:4.002:116.996,O:ARG:4.999:72.268,O:THR:3.869:17.730,OG1:THR:3.237:78.832,N:TRP:4.122:34.163,NE1:TRP:4.578:86.395,OG:SER:3.186:39.870,NZ:LYS:3.572:98.047
4QRY:7.58:2.2:BR:5918	O:ASP:4.892:117.616,N:PRO:4.220:97.845,O:PRO:4.633:100.567,NZ:LYS:3.871:150.212,OD1:ASN:4.133:32.877,ND2:ASN:3.268:nan,OG1:THR:4.210:78.273,N:LYS:4.980:69.784,O:ASP:4.944:114.874,N:PRO:4.410:96.507,O:PRO:4.741:98.034,NZ:LYS:3.890:151.061,OD1:ASN:3.296:6.947,ND2:ASN:4.339:32.588,OG1:THR:4.594:76.340,NZ:LYS:3.530:72.541
5DAV:2.13:1.8:BR:3143	N:THR:4.727:33.540,OG1:THR:3.215:nan,N:GLY:4.327:96.448,NH1:ARG:3.674:109.475,NH2:ARG:3.398:83.552
5DAV:1.27:1.8:BR:1655	N:SER:3.644:74.288,OG:SER:3.565:45.241,OG1:THR:3.210:nan,OD1:ASN:4.382:58.924,ND2:ASN:4.065:68.222,NE2:GLN:3.520:146.963
5EFH:16.55:2.16:BR:3774	NE2:HIS:3.262:nan,O:LEU:4.833:84.495
5EFH:22.22:2.16:BR:1742	O:HIS:4.412:92.912,O:GLU:3.955:139.068,N:ARG:4.607:110.346,O:ARG:4.412:71.965,N:LEU:4.359:74.909,N:LEU:3.842:47.402,N:SER:3.135:nan,OG:SER:3.391:52.963
5EFH:17.85:2.16:BR:9347	NE2:HIS:3.249:nan,O:LEU:4.877:88.450
5EFH:34.61:2.16:BR:6957	NE2:HIS:4.944:nan
5EFH:79.44:2.16:BR:10029	N:GLY:3.946:nan,O:GLY:4.460:39.485,NE:ARG:4.892:76.483
5EFH:80.97:2.16:BR:7087	OG:SER:4.800:nan
