1NEL:1.03:2.6:F:3608	OE2:GLU:3.378:51.493,OD2:ASP:3.153:60.112,OE1:GLU:4.132:30.147,OE2:GLU:3.473:62.243,OD1:ASP:4.634:112.470,OD2:ASP:3.004:104.929,NZ:LYS:3.448:137.400,OG:SER:4.829:77.953,NZ:LYS:2.700:nan
2UVN:23.68:3.0:F:1054	O:GLU:3.320:nan,NH1:ARG:4.774:76.164,NH2:ARG:3.469:50.358
2UVN:66.18:3.0:F:3565	NH1:ARG:3.375:nan,NH2:ARG:3.490:38.843
2UVN:34.49:3.0:F:803	O:ALA:4.832:72.551,N:THR:4.834:48.404,OG1:THR:4.815:45.568,N:ALA:3.315:nan,OE1:GLU:4.835:54.441,N:GLY:4.924:69.748,N:GLY:3.901:90.319
2UVN:61.90:3.0:F:3830	NH1:ARG:4.190:47.416,NH2:ARG:4.222:60.023,O:ARG:4.875:23.830,OXT:ARG:3.458:nan
2UVN:9.72:3.0:F:4150	O:PRO:4.920:101.872,N:VAL:4.370:78.790,NE:ARG:4.804:71.230,NH1:ARG:4.797:52.129,NH2:ARG:3.039:74.532,OH:TYR:2.974:nan,OE1:GLU:3.923:150.744,OE2:GLU:3.983:152.966
2UVN:41.12:3.0:F:6692	O:VAL:4.812:112.279,O:ALA:4.707:58.745,N:GLU:3.635:84.972,N:SER:3.363:51.018,OG:SER:2.673:nan
2UVN:32.17:3.0:F:6376	O:GLN:4.603:122.606,O:CYS:4.475:49.272,N:PRO:4.728:49.002,N:ARG:3.400:nan,O:ARG:4.503:37.865
2UVN:31.88:3.0:F:3989	O:TRP:4.566:86.556,N:PRO:4.176:108.265,NE:ARG:4.763:23.822,NH1:ARG:3.066:nan,NH2:ARG:3.300:42.136
2UVN:72.97:3.0:F:4214	NH1:ARG:3.730:36.749,NH2:ARG:3.548:nan
2UVN:16.39:3.0:F:4768	OE2:GLU:3.998:48.227,NE:ARG:3.581:40.029,NH1:ARG:2.881:nan,NH2:ARG:4.642:23.069,NH1:ARG:4.170:87.546,N:VAL:4.720:105.127,O:VAL:4.886:118.073,OE2:GLU:3.985:108.693
2UVN:30.66:3.0:F:3882	N:THR:4.955:46.143,OG1:THR:4.614:49.867,N:ALA:3.072:nan,OE1:GLU:4.200:68.524,OE2:GLU:4.371:53.182,N:GLY:4.798:71.676,N:GLY:4.394:84.138
2UVN:51.52:3.0:F:4649	O:LYS:4.995:76.770,NE:ARG:3.441:41.686,NH1:ARG:4.872:16.162,NH2:ARG:2.818:nan
2UVN:46.79:3.0:F:5347	NH2:ARG:3.430:nan,NH1:ARG:4.303:90.986,NH2:ARG:3.947:86.834
2UVN:72.07:3.0:F:6062	OD1:ASP:4.397:nan
3HQ2:13.64:2.9:F:6576	O:THR:3.571:76.268,OG1:THR:4.216:115.519,NH2:ARG:4.098:145.868,OD2:ASP:4.643:142.117,NH1:ARG:3.794:36.994,NH2:ARG:2.926:nan,OD2:ASP:4.636:30.576
4KK8:0.00:2.86:F:4025	OG:SER:2.738:99.034,OE1:GLN:4.074:101.028,NE2:GLN:2.608:82.252,N:GLY:4.613:159.820,O:GLY:4.548:150.392,N:ILE:2.562:133.379,N:PHE:3.406:85.836,OH:TYR:2.516:nan
4KK8:0.00:2.86:F:7341	OG:SER:2.969:89.043,OE1:GLN:4.581:88.058,NE2:GLN:2.991:72.376,O:GLY:4.954:160.701,N:GLY:4.783:137.119,O:GLY:4.529:139.411,N:ILE:2.418:131.997,N:PHE:3.545:81.231,OH:TYR:2.394:nan
5A43:0.00:2.58:F:1793	O:PHE:3.967:164.405,N:SER:3.481:141.044,OG:SER:4.026:137.252,O:ASN:2.542:nan,N:LEU:4.666:12.509,O:ALA:4.740:78.086,N:GLY:3.255:55.915,OG:SER:2.821:96.386
5A43:0.00:2.58:F:836	O:ASN:2.628:nan,OD1:ASN:4.720:70.786,N:LEU:4.787:11.212,N:ALA:4.917:40.860,O:ALA:4.720:80.013,N:GLY:3.408:58.035,OG:SER:5.000:110.683,OG:SER:2.943:90.297,O:PHE:3.985:162.481,N:SER:3.197:150.722,OG:SER:4.780:125.759,OG:SER:4.465:121.360
6B2A:0.00:2.65:F:4141	O:MET:3.627:82.259,N:SER:3.335:119.481,OG:SER:3.936:42.894,O:ASN:2.704:90.333,OD1:ASN:4.723:115.402,N:LEU:4.828:84.852,O:ALA:4.787:116.679,N:GLY:3.426:101.223,OG:SER:4.888:151.247,OG:SER:2.687:nan
6B2A:0.00:2.65:F:1858	O:THR:4.994:47.666,O:PHE:3.422:91.935,OE1:GLU:2.663:nan,OE2:GLU:4.807:7.267,N:VAL:4.136:103.149,OG:SER:4.083:131.914,NE2:HIS:3.715:80.594
6B2A:0.00:2.65:F:1168	O:ASN:2.677:nan,OD1:ASN:4.578:75.266,N:LEU:4.800:12.359,O:ALA:4.813:78.092,N:GLY:3.466:55.617,OG:SER:4.739:115.109,OG:SER:2.817:88.253,N:MET:4.969:138.291,O:MET:3.675:166.470,N:SER:3.306:155.182,OG:SER:4.092:125.627
6B2A:0.00:2.65:F:3775	O:PHE:3.528:88.579,OE1:GLU:2.674:nan,OE2:GLU:4.824:7.010,N:VAL:4.237:99.763,OG:SER:3.986:135.783,NE2:HIS:3.646:82.828
6D0J:0.00:3.0:F:2371	N:GLY:4.274:58.467,O:GLY:4.043:29.282,N:ARG:2.445:nan,O:ARG:4.097:60.451,N:GLU:2.529:69.648,O:GLU:4.941:105.654,N:GLY:3.008:117.055,N:VAL:4.728:92.607,N:GLY:3.649:81.168,O:GLY:4.120:91.009,N:GLU:3.725:123.713,N:VAL:3.380:134.873,N:THR:3.916:97.876,OG1:THR:4.292:64.326
6D0J:3.65:3.0:F:5449	N:GLY:4.594:113.571,N:GLU:4.109:41.454,OE1:GLU:2.950:nan,OE2:GLU:4.800:18.060,N:VAL:4.947:66.018,OH:TYR:3.011:127.928
6D0J:0.00:3.0:F:8438	N:GLY:4.386:130.664,O:GLY:4.080:94.173,N:ARG:2.352:74.687,O:ARG:4.003:28.486,N:GLU:2.333:nan,O:GLU:4.911:41.817,N:GLY:3.071:60.380,N:VAL:4.832:63.184,N:GLY:3.981:114.132,O:GLY:4.370:150.382,N:GLU:4.003:156.813,N:VAL:3.479:143.508,N:THR:3.790:116.551,OG1:THR:3.982:83.425
6D0J:4.53:3.0:F:12672	N:GLY:4.483:110.945,O:GLY:4.859:112.325,N:GLU:4.448:130.774,OE1:GLU:3.481:120.717,OH:TYR:3.003:nan
