2AKZ:0.00:1.36:F:3234	O:SER:3.981:118.457,OG:SER:2.995:74.948,OE1:GLN:3.835:36.576,NE2:GLN:2.839:nan,OE2:GLU:4.473:36.587,OD1:ASP:3.104:61.618,OD2:ASP:4.444:72.643,OE1:GLU:4.009:102.038,OD1:ASP:2.936:144.449,OD2:ASP:4.860:156.207,NZ:LYS:3.718:128.150,NZ:LYS:4.945:73.792
2AKZ:0.46:1.36:F:5954	NE2:GLN:3.938:129.154,OE1:GLU:4.678:156.579,OE2:GLU:3.690:146.859,OD1:ASP:2.985:147.463,OD2:ASP:4.973:132.926,OE1:GLU:3.032:107.146,OE2:GLU:4.250:121.069,OD1:ASP:2.939:62.603,OD2:ASP:4.506:42.903,NZ:LYS:2.574:nan,OG:SER:4.453:71.324,NZ:LYS:2.801:136.146
2AKZ:0.00:1.36:F:9797	O:SER:3.933:119.003,OG:SER:2.950:73.320,OE1:GLN:3.772:36.704,NE2:GLN:2.860:nan,OE2:GLU:4.467:38.043,OD1:ASP:3.098:60.389,OD2:ASP:4.432:72.886,OE1:GLU:4.023:101.976,OD1:ASP:2.875:143.346,OD2:ASP:4.816:155.291,OD2:ASP:4.982:131.570,NZ:LYS:3.713:127.579,NZ:LYS:4.974:74.639
2AKZ:0.11:1.36:F:12537	NE2:GLN:3.920:128.447,OE1:GLU:4.650:153.414,OE2:GLU:3.598:145.469,OD1:ASP:2.970:149.500,OD2:ASP:4.860:134.857,OE1:GLU:2.999:108.397,OE2:GLU:4.201:122.213,OD1:ASP:2.862:64.354,OD2:ASP:4.434:44.197,NZ:LYS:2.612:nan,OG:SER:4.528:70.214,NZ:LYS:2.784:133.317
2AUU:0.00:1.22:F:1698	OH:TYR:4.710:139.502,OD1:ASP:2.950:76.070,OD2:ASP:4.072:75.741,OD1:ASP:4.421:21.186,OD2:ASP:2.619:nan,O:PRO:3.970:115.810,OD1:ASP:2.921:159.546,OD2:ASP:3.062:157.059,OD1:ASP:4.077:117.541
4F60:3.25:1.45:F:2375	ND2:ASN:3.377:106.524,OD1:ASP:4.909:68.120,OD2:ASP:4.860:59.191,NE1:TRP:3.267:nan,O:PHE:4.017:57.546,N:PRO:3.375:88.766
4X00:58.78:1.38:F:7626	NE:ARG:4.367:110.219,NE:ARG:4.972:26.125,NH2:ARG:3.730:nan
4X00:57.94:1.38:F:11871	NE:ARG:4.305:112.611,NE:ARG:4.815:27.585,NH2:ARG:3.661:nan
4X00:12.53:1.38:F:16319	NE:ARG:4.538:83.365,NE:ARG:4.984:120.946,NH2:ARG:3.889:113.137,NH2:ARG:4.598:119.720,NH1:ARG:4.119:138.110,O:ALA:4.062:48.560,N:THR:4.579:75.809,OG1:THR:4.477:105.782,OG:SER:3.267:nan
5NAI:8.73:1.15:F:2016	ND1:HIS:4.852:87.878,ND1:HIS:4.561:83.982,NE2:HIS:3.071:91.302,NE2:HIS:4.002:90.261,ND1:HIS:3.218:99.048,OD1:ASP:2.801:nan,OD2:ASP:2.855:45.316,NE:ARG:4.856:55.887,ND1:HIS:4.884:167.883,NE2:HIS:3.163:150.028,SG:CYS:3.829:102.244,NE2:HIS:4.268:89.499
5NAI:0.00:1.15:F:1944	OG1:THR:4.565:82.921,ND1:HIS:2.456:18.328,ND1:HIS:3.936:8.048,NE2:HIS:3.015:26.512,NE2:HIS:1.827:nan,OD1:ASP:4.993:76.347,OD2:ASP:4.204:101.588,NE:ARG:3.024:105.837,NH1:ARG:4.454:127.336,NH2:ARG:4.116:134.686,NE2:HIS:4.509:62.170,N:CYS:3.089:127.100,SG:CYS:2.149:139.141
5VEJ:9.12:1.3:F:6987	NE2:HIS:3.267:83.575,NE2:HIS:3.815:96.273,NE1:TRP:4.800:161.322,ND1:HIS:4.204:122.826,ND1:HIS:4.503:63.307,NE2:HIS:3.061:85.249,NE:ARG:4.474:37.279,NH2:ARG:3.696:61.709,OD1:ASP:2.945:46.152,OD2:ASP:2.633:nan
