1BS3:0.00:1.55:F:1076	O:HIS:4.901:94.811,NE2:HIS:2.997:70.478,ND1:HIS:4.775:165.020,N:HIS:4.918:98.415,OH:TYR:3.050:123.758,ND1:HIS:3.657:30.592,NE2:HIS:2.088:nan,NE2:HIS:4.499:78.116,OD2:ASP:3.680:56.932,ND1:HIS:4.202:138.671,NE2:HIS:2.660:116.368
1BS3:0.00:1.55:F:2681	NE2:HIS:3.040:70.238,ND1:HIS:4.707:156.775,OH:TYR:3.127:116.185,ND1:HIS:3.962:25.193,NE2:HIS:2.264:nan,NE2:HIS:4.515:76.926,OD1:ASP:4.975:70.830,OD2:ASP:3.639:60.176,ND1:HIS:3.967:148.503,NE2:HIS:2.446:122.427
1LH5:3.78:2.0:F:983	ND1:HIS:4.654:22.920,NE2:HIS:2.846:nan,NE2:HIS:4.044:128.385
2HAW:0.00:1.75:F:1394	NE2:HIS:4.264:41.996,OD1:ASP:2.931:88.436,OD2:ASP:3.119:66.312,N:ASP:4.352:94.340,OD1:ASP:4.802:84.898,OD2:ASP:3.184:84.571,N:THR:4.281:55.500,OD1:ASP:2.809:nan,OD2:ASP:2.895:45.182,NE2:HIS:4.320:90.301,OD1:ASP:3.054:164.039,OD2:ASP:3.108:134.850
2HAW:0.00:1.75:F:3840	NE2:HIS:4.313:43.016,OD1:ASP:2.925:88.761,OD2:ASP:3.176:65.915,N:ASP:4.455:93.029,OD1:ASP:3.161:81.524,OD2:ASP:4.835:83.063,N:THR:4.422:55.506,OD1:ASP:2.853:nan,OD2:ASP:2.929:44.537,NE2:HIS:4.275:89.978,OD1:ASP:2.929:163.420,OD2:ASP:3.025:132.631
2Q9P:0.75:1.65:F:1044	NH2:ARG:4.163:123.000,O:VAL:4.529:82.574,N:GLY:3.808:53.836,O:GLY:2.804:73.812,OE1:GLU:2.544:nan,OE2:GLU:3.018:46.060,NH1:ARG:4.456:73.003,NH2:ARG:4.441:62.689
2Q9P:0.00:1.65:F:1045	O:GLY:3.147:58.101,N:GLY:4.023:84.612,N:GLY:4.294:134.117,OE1:GLU:2.938:64.814,OE2:GLU:3.850:98.750,OE1:GLU:4.654:16.523,OE2:GLU:2.681:nan
2Q9P:6.54:1.65:F:894	N:GLY:4.956:47.480,O:GLY:4.753:15.906,N:GLY:2.746:nan,O:GLY:4.132:43.733,OE1:GLU:3.892:89.215,OE2:GLU:2.912:83.344
2Q9P:5.72:1.65:F:1036	O:GLU:4.300:81.123,OE1:GLU:2.844:79.494,OE2:GLU:4.008:56.655,O:GLU:4.919:98.822,OE1:GLU:4.699:10.356,OE2:GLU:2.556:nan,N:GLU:4.240:99.357,OE2:GLU:3.404:135.876,OE2:GLU:4.725:67.764,OD1:ASP:4.582:121.655,OD2:ASP:4.200:143.933
2Q9P:54.55:1.65:F:1014	OE2:GLU:4.120:nan
2Q9P:15.54:1.65:F:1014	N:GLY:3.873:66.775,O:GLY:2.795:86.333,N:MET:4.908:96.035,OE2:GLU:4.609:111.282,NH1:ARG:3.616:55.216,NH2:ARG:3.578:72.448,OE1:GLU:4.860:9.418,OE2:GLU:2.752:nan
2Q9P:22.23:1.65:F:1036	NH1:ARG:3.208:69.031,NH2:ARG:4.849:89.353,OE1:GLU:4.032:58.454,OE2:GLU:2.769:79.027,OE1:GLU:3.376:41.408,OE2:GLU:2.514:nan
2Q9P:13.56:1.65:F:1014	OE1:GLU:3.068:42.916,OE2:GLU:2.910:nan,OE2:GLU:3.838:57.915,OE2:GLU:4.181:88.128
2Q9P:18.45:1.65:F:1045	OE1:GLU:4.102:47.391,OE1:GLU:4.769:16.641,OE2:GLU:2.820:nan,OD1:ASP:4.873:104.733,OD2:ASP:4.099:82.776,NH2:ARG:3.586:71.276
2Q9P:3.73:1.65:F:1170	ND2:ASN:3.310:nan,ND1:HIS:4.796:71.242,NE2:HIS:4.374:62.760,N:GLN:4.472:120.802,NE2:GLN:3.668:151.845,OH:TYR:4.794:144.294
2WSL:14.42:2.0:F:4421	OG:SER:2.164:nan,NE:ARG:3.478:83.845,NH1:ARG:3.533:112.961,OG:SER:4.355:95.380,OG1:THR:3.984:153.821
3MBA:0.00:2.0:F:912	O:VAL:4.790:90.091,NE:ARG:2.668:51.596,NH1:ARG:4.383:26.343,NH2:ARG:2.647:nan,NE2:HIS:4.435:109.062
3PPM:0.00:1.78:F:4124	OG:SER:4.890:26.875,O:THR:4.604:67.583,N:ASP:4.547:94.854,O:ASP:4.707:131.204,OD1:ASP:4.896:100.952,OD2:ASP:3.821:126.311,N:ILE:2.635:140.267,O:ILE:4.715:165.451,N:GLY:2.654:158.594,O:GLY:4.690:112.156,N:GLY:3.122:115.642,O:GLY:4.890:72.520,N:SER:2.728:69.052,OG:SER:2.490:nan
3PPM:0.00:1.78:F:12719	OG:SER:4.884:26.551,O:THR:4.656:67.115,N:ASP:4.585:93.974,O:ASP:4.734:130.845,OD1:ASP:4.939:100.427,OD2:ASP:3.821:125.418,N:ILE:2.661:139.376,O:ILE:4.723:167.052,N:GLY:2.662:159.606,O:GLY:4.700:112.641,N:GLY:3.164:115.987,O:GLY:4.883:72.090,N:SER:2.741:69.231,OG:SER:2.480:nan
3SSV:0.59:1.86:F:1487	N:GLN:4.606:77.782,OE1:GLN:4.721:14.868,NE2:GLN:2.686:nan,OH:TYR:4.089:114.614,OE1:GLN:4.879:112.905,NE2:GLN:2.930:97.069,OE1:GLN:4.939:57.043,NE2:GLN:3.201:61.260,OD1:ASN:3.882:94.326,ND2:ASN:2.730:120.039
4ENC:0.00:2.27:F:2139	O3':G:4.667:107.009,P:A:3.539:108.192,OP1:A:3.115:132.850,OP2:A:3.011:83.562,O5':A:4.749:107.109,O3':A:4.273:90.543,P:U:3.301:80.949,OP1:U:2.850:103.332,OP2:U:2.878:56.851,O5':U:4.633:75.303,OP2:G:3.898:106.495,O3':A:4.478:30.848,P:U:4.020:15.510,OP1:U:2.837:nan,O5':U:4.213:35.597,O3':U:3.827:84.009,P:G:3.326:83.501,OP1:G:2.911:109.133,OP2:G:3.069:58.373,O5':G:4.864:84.538
4JB4:0.00:2.39:F:917	NE:ARG:2.796:126.783,NH1:ARG:4.550:121.619,NH2:ARG:3.210:135.608,NE1:TRP:2.690:nan,NE2:HIS:3.144:69.663,NE2:HIS:4.334:107.800
4JB4:0.19:2.39:F:3245	NE:ARG:2.607:nan,NH1:ARG:4.468:22.633,NH2:ARG:2.996:47.188,NE1:TRP:2.737:132.646,ND1:HIS:4.725:66.326,NE2:HIS:2.799:80.635,NE2:HIS:4.695:108.800
4X30:22.41:1.55:F:5915	O:ALA:3.518:117.310,O:GLU:2.823:nan,OE1:GLU:4.558:81.995,N:LEU:4.918:12.942
5XD5:0.00:1.75:F:1378	O:LYS:2.967:62.975,N:GLY:4.009:86.380,N:LYS:4.521:133.486,OE1:GLU:2.961:64.227,OE2:GLU:3.756:99.299,OE1:GLU:4.551:14.325,OE2:GLU:2.496:nan,OE1:GLU:2.836:63.134,OE2:GLU:2.809:66.104
5XD5:2.11:1.75:F:1706	N:LYS:4.972:126.594,OE1:GLU:3.061:86.131,OE2:GLU:3.052:127.411,OE2:GLU:4.115:98.831,OE2:GLU:4.032:44.072,OE1:GLU:2.988:nan,OE2:GLU:4.320:28.623
5XD5:0.00:1.75:F:1231	N:GLY:4.935:47.246,O:GLY:4.793:16.062,N:LYS:2.781:nan,O:LYS:4.225:42.897,NZ:LYS:3.689:99.885,OE1:GLU:4.178:91.198,OE2:GLU:3.075:79.462
5XD5:0.00:1.75:F:3687	O:LYS:3.154:58.134,N:GLY:4.201:80.624,N:LYS:4.641:125.640,OE1:GLU:3.162:63.447,OE2:GLU:4.077:95.468,OE1:GLU:2.584:nan,OE2:GLU:4.615:13.037,OE1:GLU:2.686:65.182,OE2:GLU:2.810:62.301
5XD5:10.00:1.75:F:3652	OE1:GLU:3.081:41.734,OE2:GLU:3.046:nan,OE2:GLU:4.023:59.132,OE1:GLU:4.212:86.166,OE1:GLU:4.519:119.474,OE2:GLU:3.174:125.619
5XD5:0.08:1.75:F:3541	N:GLY:4.831:48.888,O:GLY:4.737:17.231,N:LYS:2.755:nan,O:LYS:4.096:41.995,NZ:LYS:4.012:93.986,OE1:GLU:3.987:93.267,OE2:GLU:3.038:83.438
6JIM:0.00:2.0:F:5772	N:GLY:4.502:63.708,OE2:GLU:4.229:159.536,OE1:GLN:4.802:141.923,NE:ARG:4.739:17.826,NH1:ARG:3.376:42.700,NH2:ARG:2.733:nan,N:GLY:3.661:129.394,O:GLY:3.404:81.120,N:LEU:4.222:89.947,O:LEU:4.310:59.103,NE:ARG:4.918:91.748,NH1:ARG:2.781:87.837,NH2:ARG:3.638:98.341
6JIM:0.07:2.0:F:3858	O:GLY:4.854:35.724,O:VAL:4.341:40.459,N:PRO:4.637:67.052,N:GLY:4.097:79.907,NZ:LYS:2.814:nan,OE1:GLU:4.828:116.330,OE2:GLU:4.170:130.288,OE1:GLN:3.865:139.112,NE2:GLN:3.021:105.341,NH2:ARG:4.921:145.778
6JIM:0.47:2.0:F:4806	NZ:LYS:4.524:119.739,OG:SER:3.593:100.221,OD1:ASP:4.864:73.651,OE1:GLU:4.372:24.556,OE2:GLU:2.762:nan,NH2:ARG:4.823:127.249,N:GLY:4.522:50.710,O:GLY:4.466:87.705
6JIM:0.00:2.0:F:7378	N:PRO:4.518:113.340,O:PRO:4.835:114.841,N:GLY:3.134:127.299,NZ:LYS:4.817:156.326,OE1:GLN:3.730:64.987,NE2:GLN:3.507:90.726,NH1:ARG:3.085:70.429,NH2:ARG:3.835:93.571,O:THR:4.947:46.540,OG1:THR:4.827:32.485,NE:ARG:4.871:13.984,NH1:ARG:3.589:39.965,NH2:ARG:2.750:nan
6JIM:0.00:2.0:F:12815	N:GLY:4.434:63.675,OE2:GLU:4.347:161.939,NE2:GLN:4.868:141.450,NE:ARG:4.649:16.882,NH1:ARG:3.425:42.370,NH2:ARG:2.580:nan,N:GLY:3.664:130.770,O:GLY:3.357:83.313,N:LEU:4.228:91.568,O:LEU:4.370:60.866,NE:ARG:4.917:91.820,NH1:ARG:2.764:89.540,NH2:ARG:3.648:98.146
6JIM:0.15:2.0:F:10937	O:GLY:4.750:37.995,O:VAL:4.300:37.693,N:PRO:4.600:65.014,N:GLY:4.173:75.196,NZ:LYS:2.821:nan,OE1:GLU:4.743:120.851,OE2:GLU:4.192:133.802,OD1:ASP:4.955:80.398,OE1:GLN:2.871:110.382,NE2:GLN:3.810:145.648,NH2:ARG:4.982:141.945
6JIM:0.42:2.0:F:11879	NZ:LYS:4.440:122.022,OG:SER:3.735:98.336,OE1:GLU:4.435:25.151,OE2:GLU:2.912:nan,OE1:GLN:4.990:81.392,NE2:GLN:4.913:61.988,NH2:ARG:4.661:127.890,N:GLY:4.483:50.876,O:GLY:4.457:86.910
6JIM:0.00:2.0:F:14427	O:VAL:4.988:145.311,N:PRO:4.438:118.626,O:PRO:4.759:117.966,N:GLY:3.097:129.894,NZ:LYS:4.801:160.697,OE1:GLN:3.452:94.055,NE2:GLN:3.711:66.390,NH1:ARG:3.144:71.039,NH2:ARG:3.823:91.922,O:THR:4.989:47.012,OG1:THR:4.654:34.732,NE:ARG:4.864:13.187,NH1:ARG:3.628:39.471,NH2:ARG:2.707:nan
