2O7A:32.55:0.84:CL:2054	N:THR:4.894:84.750,O:THR:3.736:57.757,OG1:THR:4.777:93.860,N:PRO:3.692:47.410,N:ASN:3.369:1.543,N:ASN:3.327:nan,ND2:ASN:4.439:49.750,ND2:ASN:4.370:51.701,N:ARG:3.343:48.682
1G4I:9.00:0.97:CL:603	NZ:LYS:3.139:nan,O:ASN:4.534:37.130,N:GLU:4.919:64.285,N:ILE:3.195:102.872,O:ILE:3.964:148.230,NE:ARG:3.977:160.607,NH2:ARG:3.684:149.879
1A7S:37.68:1.12:CL:2224	N:LEU:3.381:nan,O:LEU:4.956:31.744
1AA5:15.76:0.89:CL:506	O:ASN:4.645:nan
1AA5:19.10:0.89:CL:639	O:ASN:4.680:nan
4J8P:41.35:1.5:CL:2529	O:ASN:4.849:101.077,N:TYR:4.813:83.525,O:TYR:3.937:51.355,N:PRO:3.724:46.391,N:GLY:3.180:nan,N:ILE:4.141:40.982
4J8P:69.19:1.5:CL:1075	N:ALA:3.299:nan
1AV2:43.52:1.4:CL:756	O:ALA:4.206:79.738,N:ALA:3.203:nan,O:ALA:3.644:48.466
1AV2:38.94:1.4:CL:1301	O:ALA:4.576:74.364,N:ALA:3.005:nan,O:ALA:3.783:46.101
1AV2:43.69:1.4:CL:1892	O:ALA:4.310:75.563,N:ALA:3.346:nan,O:ALA:3.484:46.221
1AV2:46.10:1.4:CL:2437	O:ALA:4.621:75.089,N:ALA:2.979:nan,O:ALA:4.060:43.429
1B0U:2.41:1.5:CL:1838	N:GLU:4.657:137.711,O:GLU:4.321:91.955,N:PRO:3.563:107.203,N:THR:3.250:58.825,OG1:THR:3.059:nan,N:SER:4.436:53.261,O:VAL:4.317:166.811,OG1:THR:3.109:113.178,N:HIS:4.872:108.808
1B0U:91.01:1.5:CL:1627	NE2:HIS:3.137:nan
1B0U:8.78:1.5:CL:1646	OG:SER:4.747:46.919,N:GLY:3.594:48.724,O:GLY:4.933:19.943,N:GLY:3.156:nan,O:ALA:4.654:106.722,N:LEU:4.950:98.292,N:ASP:3.187:133.713,OD1:ASP:3.991:173.279,OD2:ASP:4.183:143.135
3G9X:0.00:0.95:CL:2274	ND2:ASN:3.326:108.895,OD1:ASP:4.646:61.474,OD2:ASP:4.931:68.356,NE1:TRP:3.292:nan,O:PHE:3.975:55.889,N:PRO:3.430:87.342
1BEN:65.52:1.4:CL:2054	O:LEU:4.863:58.294,NE2:HIS:3.479:nan
1BRT:0.00:1.5:CL:1226	N:PHE:4.296:41.996,NH1:ARG:3.227:77.386,NH2:ARG:3.604:79.505,OH:TYR:4.576:70.027,OG1:THR:3.015:nan,O:ALA:4.805:125.898,OG1:THR:4.719:115.916,NE1:TRP:3.332:83.867
1BX4:0.19:1.5:CL:982	O:MET:4.934:44.874,N:GLY:4.950:66.916,N:ASN:3.290:113.662,O:ASN:4.339:126.683,ND2:ASN:4.595:148.816,N:SER:4.125:98.990,N:THR:3.407:52.546,OG1:THR:3.120:nan,N:PHE:4.930:98.366
1BX4:2.21:1.5:CL:2567	N:GLY:4.719:96.519,O:GLY:3.841:63.930,N:ASN:4.009:73.888,N:THR:4.951:31.072,OG1:THR:2.940:nan,O:GLY:4.418:132.272
1BYZ:88.49:0.9:CL:1769	NZ:LYS:3.112:nan
1C1K:97.05:1.45:CL:2124	NZ:LYS:4.518:nan
1C1K:54.26:1.45:CL:401	N:MET:2.910:nan,NZ:LYS:3.033:108.329
1C1K:79.27:1.45:CL:2124	NZ:LYS:3.342:nan
1C1K:74.26:1.45:CL:1324	N:MET:4.428:72.692,NZ:LYS:4.419:nan
1C1K:35.41:1.45:CL:401	N:MET:3.229:nan,NZ:LYS:3.577:100.628,NZ:LYS:4.631:73.181
1C1K:79.08:1.45:CL:1529	NZ:LYS:2.320:nan
1C1K:100.62:1.45:CL:1529	NZ:LYS:4.229:nan
1C1K:103.96:1.45:CL:1529	NZ:LYS:4.771:nan
1C1K:78.33:1.45:CL:1529	NZ:LYS:2.718:nan
1C2I:20.82:1.47:CL:1378	NH1:ARG:3.972:81.068,OE2:GLU:4.729:63.397,O:ILE:3.452:nan,N:ASN:4.397:30.004,O:ASN:3.959:75.454,N:VAL:3.806:66.358,O:VAL:4.307:87.608,N:VAL:4.045:115.143
2O7A:32.55:0.84:CL:2054	N:THR:4.894:84.750,O:THR:3.736:57.757,OG1:THR:4.777:93.860,N:PRO:3.692:47.410,N:ASN:3.369:1.543,N:ASN:3.327:nan,ND2:ASN:4.439:49.750,ND2:ASN:4.370:51.701,N:ARG:3.343:48.682
1G4I:9.00:0.97:CL:603	NZ:LYS:3.139:nan,O:ASN:4.534:37.130,N:GLU:4.919:64.285,N:ILE:3.195:102.872,O:ILE:3.964:148.230,NE:ARG:3.977:160.607,NH2:ARG:3.684:149.879
1A7S:37.68:1.12:CL:2224	N:LEU:3.381:nan,O:LEU:4.956:31.744
