119L:33.74:1.65:CL:1510	O:THR:3.710:58.137,OG1:THR:4.986:93.041,N:PRO:3.873:49.055,N:ASN:3.348:nan,ND2:ASN:4.639:57.864,N:ARG:3.350:50.346
119L:60.29:1.65:CL:635	NE2:HIS:4.137:nan,NE2:GLN:4.677:99.215
119L:33.74:1.65:CL:1510	O:THR:3.710:58.137,OG1:THR:4.986:93.041,N:PRO:3.873:49.055,N:ASN:3.348:nan,ND2:ASN:4.639:57.864,N:ARG:3.350:50.346
119L:60.29:1.65:CL:635	NE2:HIS:4.137:nan,NE2:GLN:4.677:99.215
119L:33.74:1.65:CL:1510	O:THR:3.710:58.137,OG1:THR:4.986:93.041,N:PRO:3.873:49.055,N:ASN:3.348:nan,ND2:ASN:4.639:57.864,N:ARG:3.350:50.346
119L:60.29:1.65:CL:635	NE2:HIS:4.137:nan,NE2:GLN:4.677:99.215
119L:33.74:1.65:CL:1510	O:THR:3.710:58.137,OG1:THR:4.986:93.041,N:PRO:3.873:49.055,N:ASN:3.348:nan,ND2:ASN:4.639:57.864,N:ARG:3.350:50.346
119L:60.29:1.65:CL:635	NE2:HIS:4.137:nan,NE2:GLN:4.677:99.215
119L:33.74:1.65:CL:1510	O:THR:3.710:58.137,OG1:THR:4.986:93.041,N:PRO:3.873:49.055,N:ASN:3.348:nan,ND2:ASN:4.639:57.864,N:ARG:3.350:50.346
119L:60.29:1.65:CL:635	NE2:HIS:4.137:nan,NE2:GLN:4.677:99.215
119L:33.74:1.65:CL:1510	O:THR:3.710:58.137,OG1:THR:4.986:93.041,N:PRO:3.873:49.055,N:ASN:3.348:nan,ND2:ASN:4.639:57.864,N:ARG:3.350:50.346
119L:60.29:1.65:CL:635	NE2:HIS:4.137:nan,NE2:GLN:4.677:99.215
119L:33.74:1.65:CL:1510	O:THR:3.710:58.137,OG1:THR:4.986:93.041,N:PRO:3.873:49.055,N:ASN:3.348:nan,ND2:ASN:4.639:57.864,N:ARG:3.350:50.346
119L:60.29:1.65:CL:635	NE2:HIS:4.137:nan,NE2:GLN:4.677:99.215
119L:33.74:1.65:CL:1510	O:THR:3.710:58.137,OG1:THR:4.986:93.041,N:PRO:3.873:49.055,N:ASN:3.348:nan,ND2:ASN:4.639:57.864,N:ARG:3.350:50.346
119L:60.29:1.65:CL:635	NE2:HIS:4.137:nan,NE2:GLN:4.677:99.215
119L:33.74:1.65:CL:1510	O:THR:3.710:58.137,OG1:THR:4.986:93.041,N:PRO:3.873:49.055,N:ASN:3.348:nan,ND2:ASN:4.639:57.864,N:ARG:3.350:50.346
119L:60.29:1.65:CL:635	NE2:HIS:4.137:nan,NE2:GLN:4.677:99.215
1A2D:61.42:2.4:CL:1384	NH2:ARG:3.527:81.069,NE:ARG:3.361:nan,NH2:ARG:4.156:33.653
1A2D:60.27:2.4:CL:2234	NH1:ARG:4.547:29.895,NH2:ARG:3.574:nan,O:GLY:5.000:61.685,NE:ARG:3.682:74.259,NH2:ARG:4.253:52.848
4RSD:54.65:1.6:CL:637	OE2:GLU:4.989:153.790,NE:ARG:3.814:121.785,NH1:ARG:4.367:95.213,O:ARG:4.763:62.069,ND2:ASN:3.242:nan
4RSD:18.37:1.6:CL:718	ND1:HIS:4.171:65.763,NE2:HIS:4.458:93.490,NZ:LYS:4.522:92.033,O:VAL:4.336:80.289,N:ASN:4.348:53.539,O:ASN:4.879:21.111,OD1:ASN:4.068:58.039,N:THR:3.226:nan,O:THR:4.809:35.004,OG1:THR:3.649:46.152,O:PHE:4.574:143.848
1A7D:86.07:1.8:CL:1542	NZ:LYS:3.352:nan
1A7D:59.48:1.8:CL:1449	NE1:TRP:4.402:87.185,OG:SER:4.696:36.786,NZ:LYS:3.259:nan
1A7D:0.00:1.8:CL:641	ND1:HIS:4.826:19.602,NE2:HIS:3.130:nan,NE2:HIS:3.341:51.702,OE2:GLU:4.539:47.345,NE2:HIS:4.527:107.719,OD1:ASP:4.777:72.594,OD2:ASP:3.453:51.997
1A7W:74.25:1.55:CL:621	OE2:GLU:4.937:42.904,OD2:ASP:3.467:nan
1A9X:5.18:1.8:CL:4496	OE1:GLN:4.989:53.821,O:PHE:4.509:74.002,N:THR:4.817:48.595,OG1:THR:4.881:43.774,N:MET:3.361:nan,O:MET:3.923:41.511,SD:MET:4.871:58.566,OG:SER:3.989:81.536
1A9X:35.13:1.8:CL:5403	ND2:ASN:3.404:63.711,OD1:ASN:4.458:29.679,ND2:ASN:3.350:nan,NE:ARG:4.208:101.386,NH1:ARG:3.544:135.414
1A9X:13.73:1.8:CL:10047	O:GLY:4.431:77.373,N:ALA:4.818:90.296,N:ASN:3.325:132.095,O:ASN:4.716:162.266,N:PHE:4.873:84.439,O:PHE:3.965:47.925,N:PRO:3.501:51.572,N:GLY:3.148:nan,N:VAL:4.694:32.724
1A9X:4.45:1.8:CL:9637	NH1:ARG:3.329:98.106,NH2:ARG:3.493:136.872,O:ALA:4.638:65.145,N:ALA:4.771:49.499,O:ALA:4.845:18.209,N:ARG:2.938:nan,NE:ARG:4.033:84.148,NH1:ARG:3.653:103.661,NH2:ARG:3.818:117.825
1A9X:29.84:1.8:CL:3711	O:ILE:4.285:72.759,N:HIS:4.967:45.977,N:TRP:3.256:nan,SG:CYS:4.412:70.856
1A9X:32.62:1.8:CL:6824	NZ:LYS:3.235:nan,O:GLY:4.882:104.539,OD1:ASN:4.227:142.007,ND2:ASN:3.387:139.378,N:PHE:4.993:108.231
1A9X:4.25:1.8:CL:12228	N:HIS:4.403:128.302,O:HIS:4.666:108.432,O:ASP:4.889:61.517,N:ASP:3.238:nan,O:ASP:4.993:37.102
1A9X:5.18:1.8:CL:15595	OE1:GLN:4.801:53.281,O:PHE:4.707:73.752,N:THR:4.850:48.343,OG1:THR:4.737:44.502,N:MET:3.221:nan,O:MET:3.861:44.596,SD:MET:4.900:59.245,OG:SER:3.820:80.979
1A9X:32.54:1.8:CL:16478	ND2:ASN:3.317:nan,OD1:ASN:4.282:60.837,ND2:ASN:3.387:72.026,NE:ARG:3.976:130.934,NH1:ARG:3.440:128.915
1A9X:12.52:1.8:CL:21139	O:GLY:4.763:78.426,N:ALA:4.649:89.429,N:ASN:3.320:129.858,O:ASN:4.791:163.453,O:LYS:4.866:110.652,N:PHE:4.647:88.189,O:PHE:4.012:50.328,N:PRO:3.414:51.139,N:GLY:3.202:nan,N:VAL:4.728:32.037
1A9X:3.73:1.8:CL:20724	NH1:ARG:3.707:101.946,NH2:ARG:3.609:135.327,O:ALA:4.603:68.011,N:ALA:4.770:49.426,O:ALA:4.932:18.805,N:ARG:3.077:nan,NE:ARG:4.139:79.579,NH1:ARG:3.608:100.759,NH2:ARG:3.753:112.273
1A9X:31.67:1.8:CL:14810	O:ILE:4.103:79.109,N:HIS:4.544:50.513,O:HIS:4.867:17.255,ND1:HIS:4.444:42.243,NE2:HIS:4.520:70.059,N:TRP:2.956:nan,SG:CYS:4.729:66.606
1A9X:47.35:1.8:CL:17923	NZ:LYS:3.248:nan,O:GLY:4.677:103.359,OD1:ASN:4.184:144.676,ND2:ASN:3.529:142.572
1A9X:4.18:1.8:CL:23332	OE1:GLU:4.919:126.788,N:HIS:4.248:127.537,O:HIS:4.368:102.723,N:ASP:3.440:nan
1A9X:6.15:1.8:CL:26697	OE1:GLN:4.787:57.001,O:PHE:4.441:78.004,N:THR:4.691:50.385,OG1:THR:4.866:43.373,N:MET:3.221:nan,O:MET:3.809:41.837,OG:SER:3.990:81.153
1A9X:29.71:1.8:CL:27618	ND2:ASN:3.303:151.733,OD1:ASN:4.428:123.900,ND2:ASN:3.386:127.046,NE:ARG:4.135:33.547,NH1:ARG:2.954:nan
1A9X:13.46:1.8:CL:28194	O:GLY:4.516:55.983,N:ALA:4.807:49.163,N:ASN:3.049:nan,O:ASN:4.488:35.457,O:PHE:4.352:129.290,N:PRO:3.891:159.100,N:GLY:3.491:133.847
1A9X:5.86:1.8:CL:31818	NH1:ARG:4.250:96.558,NH2:ARG:3.823:129.018,O:ALA:4.782:64.883,N:ALA:4.750:49.726,O:ALA:4.955:16.273,N:ARG:3.072:nan,NE:ARG:4.223:80.440,NH1:ARG:3.617:100.908,NH2:ARG:3.780:112.232
1A9X:32.94:1.8:CL:25912	O:ILE:4.208:69.415,NE2:HIS:4.976:63.711,N:TRP:3.415:nan,SG:CYS:4.746:63.545
1A9X:46.81:1.8:CL:29025	NZ:LYS:3.150:nan,O:GLY:4.908:106.899,OD1:ASN:4.778:142.175,ND2:ASN:3.306:151.275
1A9X:4.31:1.8:CL:34409	N:HIS:4.532:130.031,O:HIS:4.770:105.856,N:ASP:3.149:nan,O:ASP:4.706:42.724
1A9X:5.04:1.8:CL:37787	OE1:GLN:4.792:56.319,O:PHE:4.688:75.045,N:THR:4.833:48.335,N:MET:3.361:nan,O:MET:3.863:41.996,SD:MET:4.885:59.369,OG:SER:3.940:84.118
1A9X:26.04:1.8:CL:38708	ND2:ASN:2.938:155.509,OD1:ASN:4.337:114.152,ND2:ASN:3.444:111.538,NE:ARG:4.048:31.388,NH1:ARG:2.553:nan,NH2:ARG:4.786:8.652
1A9X:12.37:1.8:CL:43314	O:GLY:4.492:74.747,N:ALA:4.556:87.223,N:ASN:3.192:131.489,O:ASN:4.757:164.851,N:PHE:4.916:84.306,O:PHE:4.032:49.232,N:PRO:3.417:51.869,N:GLY:3.149:nan,N:VAL:4.760:31.186
1A9X:7.44:1.8:CL:42904	NH1:ARG:3.592:103.286,NH2:ARG:3.766:137.629,O:ALA:4.636:65.136,N:ALA:4.868:48.038,N:ARG:3.327:nan,NE:ARG:4.395:77.954,NH1:ARG:3.779:100.436,NH2:ARG:3.998:107.299
1A9X:31.11:1.8:CL:37002	O:ILE:4.051:66.513,N:TRP:3.329:nan,SG:CYS:4.614:67.408
1A9X:31.83:1.8:CL:40115	NZ:LYS:3.213:nan,O:GLY:4.984:100.964,OD1:ASN:4.176:140.547,ND2:ASN:3.335:141.727
1A9X:4.10:1.8:CL:45486	N:HIS:4.409:127.595,O:HIS:4.655:101.790,N:ASP:3.267:nan,O:ASP:4.743:40.920
1AA0:56.03:2.2:CL:958	O:ILE:4.718:78.297,ND2:ASN:3.107:nan
1RTM:18.41:1.8:CL:1919	O:GLY:4.253:112.552,N:GLU:4.633:118.486,N:ASP:3.273:99.868,OD1:ASP:4.950:134.051,OD2:ASP:4.368:142.798,N:CYS:4.644:68.500,O:ILE:4.365:50.811,N:SER:4.753:47.743,OG:SER:4.186:47.628,N:CYS:3.253:nan,SG:CYS:3.856:54.687,NE2:GLN:4.240:70.098
1RTM:20.34:1.8:CL:2959	O:GLY:4.123:80.727,N:GLU:4.176:51.208,O:GLU:4.897:14.237,N:ASP:2.847:nan,OD1:ASP:4.703:38.655,OD2:ASP:4.566:62.895,N:CYS:4.421:38.206,O:ILE:4.317:54.478,N:SER:4.627:75.637,OG:SER:4.134:124.857,N:CYS:3.397:102.955,SG:CYS:3.845:84.512,OE1:GLN:4.302:161.224
1RTM:20.09:1.8:CL:4234	O:GLY:4.168:106.666,N:GLU:4.500:116.951,N:ASP:3.350:97.287,OD1:ASP:4.796:133.189,OD2:ASP:4.419:140.410,N:CYS:4.677:67.354,O:ILE:4.425:49.542,N:SER:4.796:47.474,OG:SER:4.145:48.384,N:CYS:3.330:nan,SG:CYS:3.785:52.984,OE1:GLN:3.701:60.608
2AID:0.45:1.9:CL:812	N:ILE:3.264:nan,N:ILE:3.296:87.119,O:ILE:4.366:48.114
2AID:13.42:1.9:CL:1566	N:GLY:4.656:35.930,O:GLY:3.146:nan
1JAE:0.16:1.65:CL:2615	NE:ARG:3.309:134.628,NH2:ARG:3.255:100.302,OE2:GLU:4.743:72.159,ND2:ASN:3.120:nan,ND1:HIS:4.847:62.291,NE:ARG:4.970:98.581,NH1:ARG:3.286:120.312,NH2:ARG:3.168:83.116
1CLV:1.22:2.0:CL:2937	NE:ARG:3.569:123.281,NH2:ARG:3.370:150.018,OE2:GLU:4.633:150.214,ND2:ASN:3.778:73.282,NE:ARG:4.894:21.001,NH1:ARG:3.160:42.949,NH2:ARG:3.097:nan
1B4T:1.76:1.8:CL:889	ND1:HIS:4.054:44.900,SG:CYS:3.715:95.024,O:GLY:4.868:109.250,ND1:HIS:4.984:12.296,NE2:HIS:3.011:nan,ND1:HIS:4.585:104.911,NE2:HIS:3.092:86.671,NE:ARG:3.642:170.253,NH1:ARG:4.490:145.330,NH2:ARG:3.451:133.185
1B57:78.97:2.0:CL:777	N:SER:3.557:nan,OG:SER:4.283:38.211,OE2:GLU:4.998:64.347
1LZ8:67.78:1.53:CL:654	O:ARG:4.640:87.859,OH:TYR:3.088:nan,N:GLY:4.651:69.621
1LZ8:11.18:1.53:CL:660	O:SER:4.812:38.925,OG:SER:3.153:nan,N:LEU:4.327:56.260,N:GLY:3.206:77.949,N:ASN:4.624:56.159,O:VAL:4.207:110.426,N:GLN:4.002:112.748
1LZ8:24.11:1.53:CL:1014	OD1:ASN:3.708:134.009,N:ASP:4.855:91.664,OD1:ASP:4.142:52.546,N:GLY:3.560:89.579,O:GLY:4.139:71.905,N:ARG:3.409:50.587,N:THR:3.090:nan,O:THR:3.264:60.012,OG1:THR:4.740:34.386,N:PRO:4.537:45.027,OG:SER:3.718:90.743
1LZ8:23.33:1.53:CL:1147	ND1:HIS:4.605:95.925,NE2:HIS:4.350:87.553,O:SER:4.004:57.251,N:ASP:4.759:44.791,OD1:ASP:4.147:49.580,OD2:ASP:4.547:73.924,N:ILE:3.260:nan,N:THR:4.958:33.159
1LZ8:40.39:1.53:CL:726	NE:ARG:4.756:167.691,NZ:LYS:3.609:nan
1LZ8:48.33:1.53:CL:990	O:ASN:4.256:53.318,ND2:ASN:3.311:nan,ND2:ASN:4.870:79.404,O:ILE:4.673:92.923,N:PRO:3.906:115.822
1LZ8:37.21:1.53:CL:1049	NE:ARG:3.291:101.912,NH2:ARG:4.351:121.588,N:ASN:3.190:nan,O:ASN:3.751:56.872,N:LEU:4.220:44.820
1LZ8:74.93:1.53:CL:1012	NH1:ARG:4.767:49.361,NE:ARG:4.209:29.795,NH1:ARG:2.922:nan
1BA1:66.22:1.7:CL:1820	O:ALA:4.753:60.945,O:TYR:4.128:nan,OG:SER:4.793:129.652
1BA1:3.26:1.7:CL:1403	OD1:ASN:4.465:158.624,ND2:ASN:4.257:132.066,N:ASP:3.364:153.356,OD1:ASP:4.028:107.506,OD2:ASP:3.935:84.222,N:GLN:4.781:148.327,OE1:GLN:4.134:106.404,NE2:GLN:3.400:116.563,NZ:LYS:3.335:nan
1BB1:0.00:1.8:CL:920	N:GLN:4.978:45.912,NE2:GLN:3.253:101.798,NE2:GLN:3.311:90.516,N:GLN:4.822:82.543,NE2:GLN:3.252:nan
1BES:1.00:2.0:CL:905	NE:ARG:3.491:117.632,NH2:ARG:4.699:121.699,NE1:TRP:2.990:nan,NE2:HIS:3.572:67.400,NE2:HIS:4.257:103.937
1BUP:16.59:1.7:CL:3154	NH2:ARG:3.781:98.828,NZ:LYS:2.927:nan,NZ:LYS:3.364:114.526,OD2:ASP:4.429:147.591
1BUP:2.92:1.7:CL:1471	OD1:ASN:4.417:161.969,ND2:ASN:4.155:133.370,N:ASP:3.351:152.196,OD1:ASP:4.080:107.989,OD2:ASP:3.833:83.447,N:GLN:4.788:150.411,OE1:GLN:4.109:108.537,NE2:GLN:3.381:117.929,NZ:LYS:3.239:nan
1BWC:14.41:2.1:CL:1357	O:HIS:4.497:88.859,N:LYS:4.985:113.483,N:LEU:3.269:117.490,O:ASN:4.628:103.361,ND2:ASN:4.917:164.214,OE1:GLN:4.458:34.477,NH1:ARG:3.318:40.913,NH2:ARG:3.222:nan
1BXE:21.31:1.9:CL:919	NE:ARG:3.499:90.300,NH2:ARG:4.659:86.379,NH2:ARG:4.017:110.080,O:ALA:4.740:74.387,N:TYR:4.897:48.045,N:VAL:3.125:nan,O:VAL:3.857:48.350
1BXE:89.16:1.9:CL:462	NH1:ARG:3.214:nan,NH2:ARG:3.900:35.968
1BXE:7.94:1.9:CL:1133	N:TYR:3.383:119.548,N:GLY:4.973:99.205,N:PRO:4.831:131.573,OG1:THR:4.709:144.942,O:SER:4.302:92.293,N:HIS:4.443:72.464,ND1:HIS:3.301:nan
1BXR:13.01:2.1:CL:5441	O:GLY:4.604:57.287,N:ALA:4.939:46.905,N:ASN:3.205:nan,O:ASN:4.670:36.831,O:LYS:4.750:120.812,N:PHE:4.744:129.833,O:PHE:4.110:127.820,N:PRO:3.520:160.400,N:GLY:3.301:126.664,N:VAL:4.921:108.156
1BXR:46.39:2.1:CL:6272	NZ:LYS:3.108:nan,O:GLY:4.713:104.165,OD1:ASN:4.085:139.737,ND2:ASN:3.394:141.453
1BXR:41.10:2.1:CL:4827	ND2:ASN:3.345:nan,OD1:ASN:4.515:52.541,ND2:ASN:3.476:58.934,NE:ARG:3.824:123.467,NH1:ARG:3.992:124.965,NH2:ARG:4.955:146.693
1BXR:3.25:2.1:CL:11771	N:HIS:4.408:126.527,O:HIS:4.498:104.731,N:ASP:3.249:nan
1BXR:8.40:2.1:CL:15129	OE1:GLN:4.935:53.391,O:PHE:4.577:71.524,N:THR:4.920:46.700,OG1:THR:4.944:41.222,N:MET:3.455:nan,O:MET:3.826:41.495,OG:SER:4.244:75.675
1BXR:14.19:2.1:CL:20764	O:GLY:4.553:77.309,N:ALA:4.827:90.346,N:ASN:3.217:130.537,O:ASN:4.724:160.740,O:LYS:4.946:104.121,O:PHE:4.222:47.885,N:PRO:3.596:50.959,N:GLY:2.970:nan,N:VAL:4.712:31.035
1BXR:34.55:2.1:CL:16012	ND2:ASN:3.179:nan,OD1:ASN:4.398:52.871,ND2:ASN:3.507:69.217,NE:ARG:3.970:125.756,NH1:ARG:3.494:131.422,NH2:ARG:4.748:152.580
1BXR:3.73:2.1:CL:22936	N:HIS:3.997:130.906,O:HIS:4.371:107.601,O:ASP:4.921:62.976,N:ASP:3.342:nan
1BXR:0.55:2.1:CL:25143	N:ALA:4.904:141.603,O:ALA:4.868:134.719,N:GLY:4.833:161.377,O:GLY:3.720:145.709,O:GLN:4.254:59.346,N:ALA:4.921:32.498,O:ALA:2.907:nan,N:CYS:4.627:23.473,N:PHE:4.348:47.595,N:ASP:4.192:75.054
1BXR:6.34:2.1:CL:31579	OD1:ASP:4.451:129.728,OH:TYR:4.576:99.008,O:SER:3.245:nan,N:LYS:4.216:32.041,N:GLY:4.871:31.909,O:GLY:4.269:70.888,N:VAL:4.743:45.983,O:VAL:4.912:49.455,N:PRO:4.510:75.220,ND1:HIS:4.498:82.697,NE2:HIS:4.658:59.284
1BXR:13.61:2.1:CL:38972	O:GLY:4.729:54.358,N:ALA:4.547:53.250,O:ALA:4.977:18.069,N:ASN:3.046:nan,O:ASN:4.656:37.288,O:LYS:4.998:120.872,O:PHE:4.233:129.606,N:PRO:3.691:158.115,N:GLY:3.166:133.882,N:VAL:4.922:112.140
1BXR:52.84:2.1:CL:39803	NZ:LYS:3.436:nan,OD1:ASN:4.514:138.057,ND2:ASN:3.834:135.883
1BXR:45.88:2.1:CL:43401	N:LYS:3.591:nan,ND1:HIS:3.972:71.021,NE2:HIS:4.736:75.653
1BXR:38.81:2.1:CL:38358	ND2:ASN:3.160:nan,OD1:ASN:4.416:52.763,ND2:ASN:3.231:66.797,NE:ARG:3.959:118.841,NH1:ARG:3.897:122.063,NH2:ARG:4.698:145.565
2OUI:0.00:1.77:CL:9578	O:HIS:3.103:95.254,N:GLU:3.308:62.901,O:GLU:4.505:26.046,N:ALA:2.954:nan,O:ALA:4.051:43.802,N:VAL:4.957:80.143,O:VAL:2.990:87.519,N:PRO:4.504:113.627,O:PRO:3.940:146.267,N:ALA:4.387:123.427,OG:SER:4.234:55.582
119L:33.74:1.65:CL:1510	O:THR:3.710:58.137,OG1:THR:4.986:93.041,N:PRO:3.873:49.055,N:ASN:3.348:nan,ND2:ASN:4.639:57.864,N:ARG:3.350:50.346
119L:60.29:1.65:CL:635	NE2:HIS:4.137:nan,NE2:GLN:4.677:99.215
1A2D:61.42:2.4:CL:1384	NH2:ARG:3.527:81.069,NE:ARG:3.361:nan,NH2:ARG:4.156:33.653
1A2D:60.27:2.4:CL:2234	NH1:ARG:4.547:29.895,NH2:ARG:3.574:nan,O:GLY:5.000:61.685,NE:ARG:3.682:74.259,NH2:ARG:4.253:52.848
4RSD:54.65:1.6:CL:637	OE2:GLU:4.989:153.790,NE:ARG:3.814:121.785,NH1:ARG:4.367:95.213,O:ARG:4.763:62.069,ND2:ASN:3.242:nan
4RSD:18.37:1.6:CL:718	ND1:HIS:4.171:65.763,NE2:HIS:4.458:93.490,NZ:LYS:4.522:92.033,O:VAL:4.336:80.289,N:ASN:4.348:53.539,O:ASN:4.879:21.111,OD1:ASN:4.068:58.039,N:THR:3.226:nan,O:THR:4.809:35.004,OG1:THR:3.649:46.152,O:PHE:4.574:143.848
1A7D:86.07:1.8:CL:1542	NZ:LYS:3.352:nan
1A7D:59.48:1.8:CL:1449	NE1:TRP:4.402:87.185,OG:SER:4.696:36.786,NZ:LYS:3.259:nan
1A7D:0.00:1.8:CL:641	ND1:HIS:4.826:19.602,NE2:HIS:3.130:nan,NE2:HIS:3.341:51.702,OE2:GLU:4.539:47.345,NE2:HIS:4.527:107.719,OD1:ASP:4.777:72.594,OD2:ASP:3.453:51.997
1A7W:74.25:1.55:CL:621	OE2:GLU:4.937:42.904,OD2:ASP:3.467:nan
