2ESV:23.88:2.6:I:3126	O:LEU:4.554:80.241,N:ASN:4.068:41.754,N:GLY:3.526:nan,O:GLU:3.826:82.478,N:TYR:4.424:112.146,O:TYR:4.569:140.700,N:ALA:4.048:120.263
2ESV:10.48:2.6:I:3972	OE1:GLN:4.128:32.901,NE2:GLN:3.327:nan,O:SER:4.113:63.337,OG:SER:4.516:93.339,NE:ARG:4.658:102.540,NH1:ARG:3.857:74.722
2ESV:30.98:2.6:I:6685	N:GLN:4.744:73.250,OG:SER:4.611:41.572,N:ARG:3.654:nan,NE:ARG:4.776:77.687
2ESV:15.87:2.6:I:5260	O:THR:3.704:nan,N:GLN:3.815:34.847,O:GLN:4.432:71.956,N:PHE:3.853:77.658,O:ARG:4.223:64.120,NE:ARG:4.086:123.429,N:CYS:4.556:64.707,N:ASP:3.808:43.265
2ESV:30.07:2.6:I:7023	O:LYS:4.295:122.158,NE2:GLN:3.140:nan,NE:ARG:4.532:147.018,NH1:ARG:3.562:145.619
2YD2:54.33:2.55:I:3404	N:LEU:3.968:81.724,O:PRO:4.704:66.272,N:ASN:3.749:nan,OD1:ASN:4.497:55.401
2YD2:63.16:2.55:I:3266	N:SER:3.583:nan,OG:SER:4.167:41.588
2YD2:36.25:2.55:I:3156	NH2:ARG:4.694:135.607,OE1:GLN:4.650:173.730,NE2:GLN:3.619:158.004,NZ:LYS:3.521:nan
2YD2:16.54:2.55:I:622	O:GLU:4.674:53.906,N:PRO:4.893:48.288,N:LYS:3.374:nan,O:LYS:4.232:39.768,NE2:GLN:4.364:87.031,O:SER:4.133:120.642,N:VAL:3.507:113.495,O:VAL:4.287:87.739
3ID2:36.22:3.09:I:491	ND1:HIS:4.103:69.314,NE2:HIS:4.845:94.290,O:MET:4.276:51.342,N:GLU:3.618:nan,O:GLU:4.596:36.305,OE2:GLU:4.873:64.251,NZ:LYS:3.933:90.101,NH1:ARG:4.065:106.143
3ID2:48.17:3.09:I:1369	O:ILE:4.992:113.995,OE2:GLU:4.215:77.638,O:GLY:3.350:nan,N:SER:4.494:28.824,O:SER:4.319:64.023,N:PRO:3.977:72.224
3ID2:64.06:3.09:I:1549	O:SER:4.430:59.721,OG:SER:4.216:91.036,N:LYS:4.824:45.225,O:LYS:4.385:30.692,N:PRO:4.070:nan,O:PRO:4.888:43.024
3ID2:26.59:3.09:I:431	O:HIS:3.767:nan,O:HIS:4.863:23.652,O:MET:4.470:167.658,NH2:ARG:4.298:68.703,OD1:ASP:4.363:113.389
3ID2:5.47:3.09:I:1844	SD:MET:4.143:62.330,N:ILE:4.066:nan,O:ILE:4.484:38.285,N:TRP:4.496:77.237,N:VAL:4.157:115.506
3ID2:39.61:3.09:I:3124	NH1:ARG:3.935:122.978,ND1:HIS:4.216:139.761,NE2:HIS:4.642:155.985,O:MET:4.270:114.069,N:GLU:3.877:58.055,OE1:GLU:4.303:108.998,OE2:GLU:4.260:89.241,NZ:LYS:3.520:nan
3ID2:48.58:3.09:I:2738	OE2:GLU:4.210:93.484,O:GLY:3.127:nan,N:PRO:4.178:50.285
3ID2:53.56:3.09:I:2918	O:SER:3.814:69.270,OG:SER:3.803:101.659,N:LYS:4.513:50.913,O:LYS:3.795:35.300,N:PRO:3.651:nan,O:PRO:4.714:43.106
3ID2:24.87:3.09:I:1802	NH2:ARG:3.809:53.862,OD1:ASP:4.390:134.194,N:HIS:4.795:47.579,N:HIS:4.723:31.167,O:HIS:3.161:59.635,O:HIS:2.832:nan,N:MET:3.995:33.422,O:MET:4.996:31.843,SD:MET:4.645:95.789
3ID2:7.92:3.09:I:475	SD:MET:4.515:79.697,N:ILE:3.460:nan,NE:ARG:4.893:77.970,NH2:ARG:4.677:61.097
3USM:10.91:3.01:I:3273	O:PRO:4.765:116.250,N:ALA:4.306:90.315,OE1:GLU:3.812:nan,O:VAL:4.581:123.264,N:GLU:4.936:99.110
4R11:18.29:2.79:I:3658	O:LEU:4.527:115.872,N:LEU:4.929:92.297,O:LEU:4.443:50.729,N:GLY:4.795:62.811,N:PRO:4.615:39.132,N:GLN:3.731:nan
4R11:77.42:2.79:I:3186	O:THR:4.376:88.746,OG1:THR:4.449:113.747,N:ASN:4.315:69.512,ND2:ASN:3.669:nan
4R11:65.37:2.79:I:3202	OD1:ASN:4.454:43.229,ND2:ASN:4.801:69.875,N:PRO:4.599:39.397,N:LYS:3.783:nan
4R11:29.78:2.79:I:2186	N:GLY:3.660:nan,O:GLY:4.721:48.020,N:GLY:4.691:34.956,N:PRO:4.567:73.513,N:LEU:4.075:91.781,O:HIS:4.687:178.461
4R11:28.15:2.79:I:11082	N:GLY:3.581:nan,O:GLY:4.533:50.681,N:GLY:4.454:36.857,N:PRO:4.409:76.434,N:LEU:3.859:99.474,O:HIS:4.410:170.362
4R11:67.68:2.79:I:12098	OD1:ASN:4.333:47.573,ND2:ASN:4.763:73.314,N:PRO:4.709:38.413,N:LYS:4.014:nan
4R11:11.65:2.79:I:12554	O:LEU:4.704:112.518,N:LEU:4.934:92.388,O:LEU:4.449:51.982,N:GLY:4.862:61.725,N:PRO:4.702:38.091,N:GLN:3.978:nan,OE1:GLN:4.020:75.097
4R11:48.54:2.79:I:17038	ND1:HIS:4.909:40.196,N:ARG:4.015:nan,OG:SER:4.841:55.624
4R11:13.94:2.79:I:21174	O:LEU:4.696:112.577,O:LEU:4.489:52.458,N:GLY:4.867:61.633,N:PRO:4.623:38.066,N:GLN:3.718:nan,NE2:GLN:4.142:81.389
5KKG:33.71:2.61:I:4407	O:GLU:4.853:77.182,OE2:GLU:4.535:nan,O:LYS:4.750:99.650,NZ:LYS:4.807:168.806
5KKG:17.31:2.61:I:6657	NZ:LYS:3.754:nan,N:ILE:3.916:98.954,O:ILE:4.520:135.785
5KKG:18.56:2.61:I:3815	N:ARG:3.612:nan,O:ARG:4.629:36.980,NE:ARG:4.058:77.215,NH1:ARG:3.952:94.777,NH2:ARG:3.744:111.085,NZ:LYS:4.172:88.070
5KKG:7.40:2.61:I:3895	NZ:LYS:4.800:145.032,N:PRO:4.925:90.415,N:ALA:4.117:nan
5KKG:35.54:2.61:I:4349	NZ:LYS:4.391:147.151,O:SER:4.808:128.301,N:GLY:4.313:nan
5KKG:21.86:2.61:I:7275	O:LYS:4.550:108.565,N:GLU:4.742:127.591,NZ:LYS:3.767:110.767,O:ILE:4.039:71.971,N:VAL:4.920:44.986,N:LEU:3.670:nan,O:LEU:4.213:40.693
5KKG:42.70:2.61:I:7361	NZ:LYS:4.555:145.546,O:PHE:4.420:nan,N:GLU:4.653:52.021
5KKG:9.31:2.61:I:13440	NZ:LYS:4.317:104.536,O:GLY:4.940:67.074,N:ILE:3.632:nan,O:ILE:4.821:38.037
5KKG:1.20:2.61:I:13896	NZ:LYS:3.622:91.755,NZ:LYS:3.556:nan,NZ:LYS:4.133:74.565,O:LYS:3.640:107.765,N:ASP:4.633:147.222,OD2:ASP:4.943:145.292,N:TYR:3.859:139.525,O:TYR:4.052:101.349
5KKG:10.46:2.61:I:13284	O:THR:4.483:42.458,OG1:THR:3.446:nan,OG:SER:4.467:82.048,N:ARG:4.348:41.682,O:ARG:4.685:71.621
5KKG:38.80:2.61:I:12852	O:THR:4.491:nan,N:ILE:4.974:26.982
