2V8I:17.52:1.5:I:4670	O:LEU:4.525:96.429,N:HIS:4.856:99.965,NE2:HIS:4.649:153.470,N:SER:4.934:48.846,OG:SER:3.148:nan
2V8I:29.81:1.5:I:5041	SD:MET:4.443:123.033,NE:ARG:4.178:73.692,O:LEU:4.684:63.919,O:GLN:4.051:34.064,N:PRO:3.565:nan,N:ASN:4.856:47.042
2V8I:32.59:1.5:I:1669	ND1:HIS:4.337:58.427,NE2:HIS:4.775:74.884,OG:SER:2.976:nan,O:GLU:4.561:72.882,OE1:GLU:4.133:126.208,N:GLY:4.440:89.434,N:SER:4.799:122.180,OG:SER:4.591:144.854
2V8I:41.32:1.5:I:5032	NH2:ARG:3.827:69.338,OE2:GLU:4.279:109.958,O:LYS:4.946:44.201,N:GLN:3.621:nan,O:GLN:4.600:36.742
2V8I:53.31:1.5:I:4138	O:THR:4.795:43.761,OD1:ASN:4.235:47.194,ND2:ASN:4.415:70.399,N:SER:3.455:nan,OG:SER:3.883:46.566,N:ASP:4.033:41.608,NH2:ARG:3.990:85.923
2V8I:29.74:1.5:I:4903	OG:SER:4.021:136.318,N:GLY:4.867:72.178,O:GLY:4.178:53.265,N:ALA:3.572:82.073,N:SER:3.368:nan,OG:SER:4.425:38.882
2V8I:104.38:1.5:I:3676	NZ:LYS:3.177:nan
2V8I:21.96:1.5:I:5024	OH:TYR:4.556:140.104,SD:MET:4.627:83.929,N:LEU:3.422:nan
2V8I:12.88:1.5:I:2318	O:THR:4.579:47.386,OG:SER:3.767:112.104,N:ARG:4.003:112.071,NE:ARG:4.303:148.278,O:LYS:4.607:46.720,O:GLY:4.877:7.592,N:LEU:2.674:nan,O:LEU:3.413:57.339
2V8I:32.75:1.5:I:4313	O:ALA:4.146:95.099,NE:ARG:3.440:nan,NH2:ARG:3.671:37.697,N:LYS:4.565:86.365,OE2:GLU:4.222:71.631
2V8I:38.97:1.5:I:3948	N:LYS:4.673:132.570,NE:ARG:4.780:27.393,NH1:ARG:3.565:nan,O:THR:4.907:75.102
2V8I:45.93:1.5:I:4123	O:GLN:4.974:100.572,O:GLY:3.827:93.788,ND2:ASN:4.090:88.659,OG1:THR:3.703:48.939,N:THR:3.480:nan,OG1:THR:3.504:49.207,N:ASN:4.653:34.852
2V8I:50.70:1.5:I:2762	OE1:GLN:4.931:107.448,O:ALA:4.087:51.287,N:LEU:4.981:43.565,N:LYS:3.439:nan,O:LYS:4.940:36.004
2V8I:46.14:1.5:I:2181	O:ALA:3.834:50.459,N:TRP:3.572:nan,NE1:TRP:4.648:68.307,N:GLU:4.027:41.414,OE1:GLU:4.869:103.580
2V8I:49.35:1.5:I:694	N:ASP:2.910:nan,O:ASP:4.032:47.364,N:ARG:4.098:54.418
2V8I:77.00:1.5:I:2202	N:ALA:4.929:116.078,O:ALA:4.499:71.609,OE1:GLU:3.170:nan
2V8I:12.30:1.5:I:3200	O:LEU:4.091:85.284,N:GLN:4.214:67.892,NE2:GLN:3.857:nan,NZ:LYS:3.923:84.569
2V8I:72.21:1.5:I:2123	O:LYS:4.212:146.139,OE1:GLU:4.767:111.361,OE1:GLU:4.315:26.308,OE2:GLU:2.781:nan
2V8I:39.57:1.5:I:1372	O:ASP:3.206:nan,OD1:ASP:4.561:74.201,NH1:ARG:3.680:82.313,N:TYR:4.108:46.334
2V8I:59.53:1.5:I:5039	OE2:GLU:4.907:145.077,N:LYS:3.985:77.784,O:LYS:3.976:47.258,OE1:GLN:3.302:nan,NE2:GLN:4.928:22.343
2V8I:43.65:1.5:I:4925	NE:ARG:3.905:36.128,NH1:ARG:2.953:nan,OD1:ASN:3.018:104.708,ND2:ASN:4.047:125.731
2V8I:25.42:1.5:I:3252	NZ:LYS:4.391:44.424,O:PRO:3.466:84.902,N:GLN:4.194:57.953,O:GLN:3.046:nan,N:GLY:3.685:37.707,N:GLN:3.674:74.175,N:ASP:3.599:100.169,OD1:ASP:4.146:138.296,OD2:ASP:4.051:123.121
2V8I:54.63:1.5:I:1313	O:ARG:4.696:105.119,O:ARG:4.657:104.704,NE:ARG:3.513:40.697,NH1:ARG:4.743:18.230,NH2:ARG:2.753:nan,NE:ARG:4.684:121.272,NH1:ARG:3.143:100.323
2V8I:55.54:1.5:I:1399	NE:ARG:3.408:nan,NH2:ARG:4.860:25.362,O:VAL:3.416:108.486,OD2:ASP:4.600:131.148
2V8I:20.48:1.5:I:3061	N:LYS:3.699:nan,N:LYS:4.906:149.086,O:LYS:4.465:115.084
2V8I:51.85:1.5:I:4925	NE:ARG:4.666:29.135,NH1:ARG:4.501:nan,OD1:ASN:4.564:62.874,N:GLU:4.611:124.152
2V8I:64.39:1.5:I:1376	N:PRO:4.725:108.520,O:ASP:4.720:73.532,OD2:ASP:4.458:nan
2V8I:15.22:1.5:I:4259	N:ALA:4.836:123.825,OD1:ASN:4.444:150.099,O:ALA:4.279:30.939,N:SER:4.160:nan
2V8I:54.87:1.5:I:3596	O:LEU:3.878:nan,N:PRO:4.759:28.175,O:PRO:4.722:59.161,NZ:LYS:4.860:100.059,N:GLY:4.640:36.913
2V8I:28.08:1.5:I:1670	O:PRO:4.972:53.000,OG:SER:4.542:51.586,N:GLU:3.434:nan,N:LYS:4.359:41.195,N:ALA:4.761:87.330
2V8I:43.43:1.5:I:3630	OD1:ASP:4.288:103.686,OD2:ASP:4.131:118.355,N:GLY:4.112:39.111,O:GLY:4.008:nan,O:GLY:4.239:47.283,N:LYS:4.093:72.285
2V8I:71.25:1.5:I:3677	O:LEU:4.955:34.297,N:GLY:4.119:nan
2V8I:70.67:1.5:I:2472	O:LYS:4.084:82.231,N:HIS:4.891:56.776,ND1:HIS:3.887:nan,NE2:HIS:3.959:31.762
2V8I:47.86:1.5:I:2866	N:SER:4.016:42.976,OG:SER:4.116:51.617,N:LYS:3.545:nan
2V8I:61.89:1.5:I:1091	O:GLY:4.495:49.642,N:ARG:3.450:nan,O:ARG:4.250:42.411,NZ:LYS:3.965:83.631
2V8I:59.10:1.5:I:1292	O:PRO:4.261:31.528,N:ARG:3.970:nan,N:ARG:3.986:0.172
2V8I:40.80:1.5:I:726	O:LEU:4.655:62.722,N:THR:4.649:36.722,OG1:THR:4.556:nan
2V8I:37.84:1.5:I:2143	O:PRO:4.623:98.285,N:SER:4.065:88.739,O:GLY:3.667:71.129,N:LYS:4.064:44.644,O:LYS:3.504:nan,N:PRO:3.852:35.446
2V8I:51.70:1.5:I:2774	O:LYS:4.225:69.737,N:ARG:4.666:49.878,O:ARG:3.600:nan,N:GLU:3.850:35.133,O:GLU:4.161:73.577,N:GLU:4.065:77.931,OE1:GLU:4.219:147.229
2V8I:65.45:1.5:I:3270	O:GLY:3.841:60.413,N:PRO:3.620:93.244,NE2:GLN:3.597:nan
2V8I:58.68:1.5:I:3573	OG:SER:4.857:99.801,N:ASN:4.769:48.425,OD1:ASN:3.250:43.220,ND2:ASN:2.063:nan
2V8I:34.19:1.5:I:4722	OE1:GLN:4.512:159.758,O:LYS:4.960:61.252,NZ:LYS:4.286:124.028,O:GLN:4.876:73.249,OE1:GLN:4.230:9.408,NE2:GLN:1.994:nan,N:ALA:4.053:70.167
2V8I:26.58:1.5:I:2501	NE:ARG:4.494:128.387,NH1:ARG:3.248:156.584,NE1:TRP:4.113:40.636,OD1:ASP:3.991:20.270,OD2:ASP:2.047:nan
2V8I:65.54:1.5:I:2219	O:SER:4.355:54.857,N:PHE:3.515:nan,O:PHE:4.148:41.754,NH1:ARG:4.732:77.698,NH2:ARG:4.481:99.082
2V8I:47.38:1.5:I:1403	O:ARG:4.315:30.804,N:TYR:4.176:nan
2V8I:11.61:1.5:I:2411	OD2:ASP:4.246:79.484,OH:TYR:3.615:nan,OD2:ASP:4.982:138.003
2V8I:48.24:1.5:I:3061	N:LYS:4.479:nan,O:LYS:4.827:34.750,O:TYR:4.998:150.561
2V8I:69.49:1.5:I:4008	N:ASP:4.003:nan,O:LYS:4.115:41.945
2V8I:60.01:1.5:I:3926	O:PRO:4.510:105.282,N:LEU:4.242:125.448,NZ:LYS:4.186:nan
2V8I:38.93:1.5:I:3290	O:LEU:4.233:nan,N:LYS:4.289:30.761,OD2:ASP:4.263:118.466
2V8I:40.63:1.5:I:4879	OG:SER:4.323:nan,O:ALA:4.578:68.561,N:ARG:4.752:69.860
4H8R:37.26:1.25:I:3595	ND1:HIS:4.914:96.213,NE:ARG:4.868:26.588,NH1:ARG:3.594:nan,OG:SER:4.837:37.596
4H8R:38.55:1.25:I:2517	O:LEU:4.124:nan,N:ARG:4.141:31.722,N:GLY:4.805:35.693,N:PRO:4.981:72.409
4H8R:56.74:1.25:I:1179	O:GLY:4.190:76.218,N:HIS:4.198:51.292,N:ARG:3.747:nan,N:MET:3.812:43.159,SD:MET:4.640:104.866,SD:MET:4.643:99.369
4H8R:24.70:1.25:I:2103	NH1:ARG:3.526:38.622,NH2:ARG:3.424:nan,OE1:GLN:3.535:102.326
4H8R:36.73:1.25:I:3871	O:LYS:3.274:nan,N:ASP:4.206:32.075,O:LEU:4.874:96.996,N:ALA:4.684:70.539
4H8R:77.18:1.25:I:1889	N:ASP:4.109:nan
4H8R:63.17:1.25:I:665	O:LYS:4.214:31.196,N:LEU:4.128:nan
4H8R:39.15:1.25:I:3345	O:LYS:4.761:69.996,NZ:LYS:4.389:nan,O:ALA:4.943:124.655
4H8R:38.22:1.25:I:6782	O:LEU:4.454:29.627,N:ARG:4.231:nan,N:GLY:4.841:63.064
4H8R:27.02:1.25:I:7932	OG:SER:4.847:36.977,ND1:HIS:4.862:100.662,NE:ARG:4.780:27.545,NH1:ARG:3.559:nan
4H8R:19.53:1.25:I:6358	NE2:GLN:3.520:99.936,NH1:ARG:3.657:37.661,NH2:ARG:3.432:nan
4H8R:99.45:1.25:I:9090	OE1:GLN:3.798:35.874,NE2:GLN:3.368:nan
4H8R:36.80:1.25:I:6168	N:GLY:3.500:96.475,O:GLY:4.246:64.362,OD1:ASP:4.117:29.426,OD2:ASP:2.769:nan,N:MET:4.433:41.044,NH1:ARG:4.182:150.019,NH1:ARG:4.489:148.875,NH2:ARG:3.023:130.314
4H8R:34.87:1.25:I:7670	O:LYS:4.458:107.770,NZ:LYS:4.725:174.048,NZ:LYS:3.386:nan,O:ALA:4.717:88.517
4H8R:41.91:1.25:I:7524	O:MET:4.910:48.617,O:ALA:4.595:76.175,OG1:THR:3.417:nan
4H8R:65.54:1.25:I:5484	N:ARG:4.974:75.787,O:ARG:4.459:44.422,N:MET:4.060:42.581,N:ALA:3.486:nan,O:ALA:4.825:48.582,N:GLN:4.049:41.316,NE2:GLN:3.613:114.091
4H8R:62.21:1.25:I:5436	O:GLY:3.914:79.469,N:HIS:3.925:53.236,O:HIS:5.000:25.359,N:ARG:3.794:nan,N:MET:3.916:42.225,SD:MET:4.792:105.287,SD:MET:4.681:100.989
4WQE:44.70:1.4:I:3844	O:GLY:4.596:86.927,N:PRO:4.030:115.596,O:PRO:4.603:67.844,N:ARG:3.915:39.180,O:ARG:3.806:nan,N:PRO:3.870:34.285
