1GZA:9.92:2.06:I:1565	N:PRO:4.412:122.795,N:ALA:4.292:160.748,N:SER:3.960:nan,N:LEU:4.521:39.284,N:ILE:4.249:76.263,O:ILE:4.453:96.941
1MXI:54.79:1.7:I:1479	N:MET:4.925:47.707,SD:MET:4.137:72.331,SD:MET:4.999:80.529,N:ASN:3.810:nan,ND2:ASN:3.910:77.755
1T6C:40.29:1.53:I:2362	N:TYR:3.619:nan,O:ARG:4.683:151.748,N:GLN:4.904:125.158,O:GLN:4.864:122.283
1XC6:23.32:2.1:I:3609	N:PHE:3.884:60.764,OH:TYR:3.830:nan,OG:SER:4.881:79.266
1XC6:8.64:2.1:I:3753	O:ALA:4.419:130.750,N:HIS:3.677:79.166,N:GLU:3.829:45.139,N:LYS:3.322:nan
1XC6:35.83:2.1:I:3744	O:THR:4.860:43.185,N:ARG:4.901:45.820,N:GLU:3.882:nan
1XC6:37.38:2.1:I:2712	O:GLY:4.605:46.818,N:HIS:4.967:45.583,N:ASN:3.518:nan,ND2:ASN:4.753:45.175,OG1:THR:4.610:59.103
1XC6:58.23:2.1:I:6269	N:THR:4.903:95.429,N:LEU:3.354:nan,O:LEU:4.820:35.795
1XC6:46.45:2.1:I:2823	OG:SER:3.284:nan,N:TYR:4.374:48.821,O:TYR:4.981:81.862,N:PRO:4.114:63.509,OH:TYR:4.887:109.908
1XC6:39.04:2.1:I:4394	OD1:ASN:4.629:128.737,ND2:ASN:3.520:136.962,O:GLU:4.506:107.690,N:TYR:4.073:83.255,O:TYR:4.379:65.797,N:LYS:4.530:91.498,OG:SER:3.105:nan
1XC6:45.76:2.1:I:6111	O:PRO:4.391:95.281,O:THR:4.160:55.908,OG1:THR:3.313:nan,N:TYR:3.988:56.577
1XC6:37.51:2.1:I:7628	O:GLY:4.722:62.985,N:THR:3.697:nan,OG1:THR:4.018:43.070,N:LYS:4.799:33.483,NZ:LYS:4.408:108.654
1XC6:38.62:2.1:I:5035	N:GLY:3.994:79.782,O:VAL:3.893:nan,N:SER:4.451:30.349,N:THR:4.336:73.411
1XC6:27.21:2.1:I:8337	OE2:GLU:4.015:105.563,ND2:ASN:4.791:117.999,O:GLY:4.616:73.470,N:ALA:4.854:47.773,N:LYS:3.711:nan,O:LYS:3.921:41.331
1XC6:55.75:2.1:I:1153	N:LYS:3.418:nan,N:TYR:4.931:33.079
1XC6:23.22:2.1:I:4837	OG:SER:3.406:nan,N:GLY:4.935:62.385,N:LYS:4.785:138.300,O:LYS:4.174:94.555,N:ALA:4.285:104.778
1XC6:16.96:2.1:I:1821	OE1:GLN:4.731:106.321,NE2:GLN:3.889:80.023,OD1:ASP:4.855:50.508,NZ:LYS:3.617:nan,O:LYS:4.684:135.201,N:ALA:4.968:160.655,O:ALA:4.829:130.559
1XC6:54.07:2.1:I:1803	O:ASP:4.265:30.995,N:ALA:4.154:nan,OE1:GLU:4.821:103.423
1XC6:40.97:2.1:I:8234	NE2:GLN:3.229:97.930,OG1:THR:4.674:88.906,NE1:TRP:3.229:nan,NZ:LYS:4.446:126.445
1XC6:43.17:2.1:I:7222	NE2:HIS:4.569:72.091,O:SER:4.086:nan,N:TRP:4.835:27.657,O:TRP:4.642:60.363
1XC6:66.26:2.1:I:8584	NH1:ARG:4.542:40.189,NH2:ARG:3.575:53.011,O:LYS:3.535:nan,N:GLY:4.419:30.350
1XC6:53.65:2.1:I:5879	O:THR:4.846:53.940,N:PRO:4.181:81.241,OG:SER:3.033:nan
1XC6:11.07:2.1:I:6579	NE2:HIS:4.148:86.467,NZ:LYS:3.509:nan,OD1:ASN:4.995:41.053
1XC6:62.36:2.1:I:6809	O:ASN:4.178:114.986,N:ALA:4.211:88.371,O:ALA:4.951:53.388,N:THR:4.009:44.968,OG1:THR:3.386:nan
1XC6:51.31:2.1:I:5101	OE1:GLN:3.233:nan,NE2:GLN:4.385:29.636,NZ:LYS:3.248:46.886,NZ:LYS:4.508:128.810,OD1:ASN:4.933:64.550
1XC6:21.63:2.1:I:7878	O:GLY:3.939:118.781,N:ASN:3.787:86.290,N:SER:3.728:46.520,OG:SER:3.345:nan,OD2:ASP:4.401:121.558,N:SER:4.680:145.725
1XC6:54.90:2.1:I:5746	N:ASN:4.994:44.288,O:ASN:3.716:nan,OD1:ASN:4.958:67.167,N:GLY:4.183:32.464,O:SER:4.228:140.354
1XC6:62.75:2.1:I:2150	O:GLU:4.714:78.730,N:ALA:3.960:106.927,NZ:LYS:3.737:nan
1XC6:80.78:2.1:I:5780	O:THR:4.558:29.650,N:GLN:3.905:nan,OE1:GLN:4.932:73.319
1XC6:76.94:2.1:I:3879	O:PRO:4.359:30.586,N:GLY:4.135:nan
1XC6:74.96:2.1:I:2855	N:PHE:3.326:nan,N:ASP:4.478:38.480
1XC6:62.29:2.1:I:7727	N:ASP:3.624:nan,O:ASP:4.403:38.675
1XC6:38.83:2.1:I:8197	O:ASN:4.637:45.790,OD1:ASN:4.663:112.055,N:TYR:3.929:44.388,N:HIS:3.271:nan,O:HIS:3.741:59.432,ND1:HIS:4.488:44.461,N:GLY:3.750:45.621,OG:SER:4.085:133.960
1XC6:52.28:2.1:I:2913	O:SER:4.044:58.446,N:THR:4.919:44.806,OG1:THR:4.985:63.560,N:TRP:3.381:nan,O:TRP:3.750:49.893,OG:SER:4.530:94.534,NH2:ARG:3.413:71.862
1XC6:61.57:2.1:I:1282	O:GLY:4.496:66.323,N:ARG:3.397:nan
1XC6:5.86:2.1:I:4808	N:GLN:4.902:39.107,N:LEU:3.800:51.569,O:LEU:4.188:103.349,N:GLY:3.611:92.341,O:GLY:2.852:123.536,ND1:HIS:4.394:119.271,NE2:HIS:3.751:133.216,OE1:GLU:4.900:11.650,OE2:GLU:2.846:nan
1XC6:41.91:2.1:I:3731	O:THR:4.152:61.536,OG1:THR:3.050:nan,N:ARG:3.895:53.082
1XC6:20.10:2.1:I:1764	OE1:GLN:2.858:nan,NE2:GLN:3.852:35.264,O:THR:4.907:104.415,O:LYS:4.082:170.663,NZ:LYS:4.563:91.566,N:ALA:4.188:141.389
1XC6:14.81:2.1:I:5327	NE2:GLN:4.157:39.715,N:VAL:4.283:99.152,O:VAL:3.718:133.055,N:PRO:3.651:100.269,N:THR:4.696:122.761,O:PRO:2.920:nan,N:GLY:4.989:12.851,O:THR:4.724:102.542,OG:SER:4.338:148.730
1XC6:39.97:2.1:I:6888	N:ASN:3.393:nan,O:ASN:4.511:39.478,ND2:ASN:4.079:60.071
1XC6:51.67:2.1:I:8387	OG:SER:3.323:152.555,N:LEU:4.817:127.827,OE1:GLU:4.779:22.452,OE2:GLU:3.204:nan
1XC6:14.01:2.1:I:5240	NE:ARG:4.327:68.255,NH1:ARG:4.167:45.475,OG:SER:4.423:129.001,OH:TYR:2.906:nan,NZ:LYS:3.310:98.470,OE2:GLU:4.999:78.554
1XC6:49.37:2.1:I:7205	OE1:GLU:3.925:89.659,N:ALA:3.791:81.199,N:SER:3.356:49.872,OG:SER:3.345:nan
1XC6:55.33:2.1:I:5963	N:SER:3.422:nan,O:SER:3.993:45.161
1XC6:22.63:2.1:I:7672	OD1:ASP:4.377:87.047,OD2:ASP:4.014:87.758,NZ:LYS:4.012:153.778,O:ILE:4.884:88.146,NE:ARG:4.475:29.917,NH1:ARG:3.309:nan
1XC6:68.25:2.1:I:8535	O:GLN:4.809:42.984,N:PRO:4.987:45.002,N:LYS:3.472:nan
1XC6:52.95:2.1:I:2037	NE:ARG:3.506:nan,NH2:ARG:4.652:28.614,OD1:ASN:4.382:83.253,ND2:ASN:4.591:94.123
1XC6:72.76:2.1:I:8555	OH:TYR:3.179:nan
1XC6:51.90:2.1:I:2284	NE2:GLN:4.252:64.542,O:THR:4.088:60.308,OG1:THR:3.019:nan,N:ASN:4.390:50.171
1XC6:47.03:2.1:I:2905	O:ALA:4.948:147.716,N:ASN:4.945:127.486,O:ASN:4.218:87.268,OD1:ASN:4.161:147.080,N:PRO:4.018:95.498,N:SER:3.727:51.564,OG:SER:3.079:nan,N:THR:4.485:50.781,OG1:THR:4.122:73.847
1XC6:44.25:2.1:I:5102	N:GLU:4.930:129.030,OE2:GLU:4.482:102.708,OE1:GLN:4.418:30.481,NE2:GLN:3.682:nan,O:SER:3.995:63.274,NZ:LYS:4.423:63.983
2OHN:11.91:2.15:I:1386	ND1:HIS:4.110:64.510,O:ILE:4.466:120.778,N:THR:4.849:111.383,O:THR:4.072:126.145,N:GLU:3.837:98.335,O:GLU:4.545:61.332,N:SER:3.742:47.422,OG:SER:3.472:nan
2OHN:40.92:2.15:I:1318	O:ARG:3.626:nan,N:ALA:4.877:25.953,N:ASN:4.788:65.672,OD1:ASN:4.853:108.626,ND2:ASN:4.476:103.764,OE1:GLU:4.114:87.804,OG:SER:4.401:61.474,NE2:GLN:4.147:42.501
2OHN:40.60:2.15:I:1395	ND1:HIS:4.962:118.161,NE2:HIS:4.415:127.912,O:SER:4.568:68.625,N:ASP:4.976:42.794,OD1:ASP:4.972:48.426,N:LYS:3.531:nan
2YFV:19.08:2.32:I:3152	O:HIS:4.782:59.869,ND1:HIS:4.070:40.284,N:ALA:4.964:144.097,O:ALA:4.952:142.833,ND1:HIS:3.987:nan,NE2:HIS:4.764:26.470
2YV7:31.44:1.7:I:1463	O:LEU:4.976:117.422,NE:ARG:4.956:24.473,NH1:ARG:3.519:nan,ND1:HIS:4.564:66.048,NE2:HIS:4.049:92.152
3V6Q:0.00:2.0:I:1019	O:ALA:4.035:63.456,N:ARG:4.946:43.125,NH1:ARG:4.838:111.804,N:TRP:3.391:nan,N:LEU:4.193:36.746,O:LEU:4.362:59.450,OG:SER:4.853:83.781,N:ASN:3.940:101.380,N:VAL:3.434:134.002,SD:MET:4.862:167.609
3V6Q:21.76:2.0:I:1307	O:GLU:4.832:71.594,ND2:ASN:3.709:nan,NZ:LYS:4.816:143.353
3V6Q:11.04:2.0:I:4078	O:PRO:4.279:95.190,N:SER:4.811:119.329,O:SER:4.188:131.668,N:PRO:3.873:99.252,O:PRO:3.152:nan,N:THR:4.686:24.240
3V6Q:32.63:2.0:I:4929	O:GLN:4.866:78.428,O:ILE:4.757:100.391,N:ARG:4.279:134.800,NE1:TRP:3.636:nan,OE1:GLU:4.995:64.062
3V6Q:6.41:2.0:I:5170	O:GLU:3.866:156.012,OH:TYR:4.730:94.518,NE:ARG:3.979:123.210,NH2:ARG:3.981:109.120,O:HIS:4.789:50.266,N:THR:3.549:nan,OG1:THR:4.342:43.363,N:LYS:3.806:42.038,O:LYS:4.610:69.828
3V6Q:35.23:2.0:I:2476	OD1:ASN:4.028:88.558,ND2:ASN:4.204:56.698,N:GLN:3.662:119.276,N:GLU:4.605:125.286,N:PHE:3.578:nan,O:PHE:4.918:32.612
3V6Q:58.95:2.0:I:4375	O:GLN:4.927:44.655,N:LYS:3.564:nan,N:THR:4.126:40.157,OG1:THR:3.687:82.463,N:GLY:4.537:87.047
3V6Q:41.48:2.0:I:4036	NH2:ARG:3.964:48.036,OD1:ASP:4.878:84.596,N:PRO:4.953:121.592,N:LYS:4.924:104.838,OD1:ASN:3.570:nan,ND2:ASN:3.744:35.851
3V6Q:105.10:2.0:I:5338	OG:SER:3.551:nan
3SV5:0.00:1.53:I:3802	OG1:THR:3.506:70.015,NH2:ARG:3.844:112.076,OE1:GLN:3.825:151.347,NE2:GLN:3.714:162.924,OH:TYR:2.973:nan
3SV5:0.08:1.53:I:2228	O:GLN:3.242:107.639,NE2:GLN:3.906:137.175,N:GLU:4.323:97.882,N:ARG:4.295:52.136,NH1:ARG:4.353:90.378,O:THR:4.368:45.289,OG1:THR:3.048:nan,N:ARG:4.590:56.629,N:ALA:4.202:102.283
3SV5:32.31:1.53:I:1387	N:TRP:3.622:nan
3SV5:77.74:1.53:I:3355	N:VAL:3.624:nan,O:VAL:4.168:39.741
4BH5:44.52:1.57:I:1667	NZ:LYS:3.913:112.000,NE:ARG:4.378:69.258,NH1:ARG:4.677:91.681,NH2:ARG:4.827:96.171,O:GLY:4.728:62.509,N:ALA:3.610:nan
4BH5:25.96:1.57:I:1518	O:ASN:4.437:61.887,N:GLN:4.736:75.502,O:GLN:4.809:113.764,N:SER:4.116:40.000,O:SER:4.734:27.950,N:SER:3.796:nan,OG:SER:4.896:37.077,NH1:ARG:3.885:149.382
4BH5:64.37:1.57:I:1197	O:TRP:4.646:68.683,NE1:TRP:4.923:50.417,N:LEU:4.951:41.859,N:GLN:3.171:nan
4BH5:43.31:1.57:I:1119	N:GLY:4.416:38.605,O:GLY:3.505:nan,N:ARG:4.191:32.683,NH1:ARG:4.482:106.272,NE:ARG:4.771:88.998,NH2:ARG:4.231:112.774,NE2:GLN:3.825:112.364
4BH5:60.34:1.57:I:2518	O:ASN:4.453:63.749,N:GLN:4.775:75.022,O:GLN:4.786:114.426,N:SER:4.233:38.673,O:SER:4.756:27.864,N:SER:3.845:nan,OG:SER:4.839:38.959
4BH5:29.66:1.57:I:2637	O:ASN:4.998:83.473,N:SER:4.441:134.371,O:GLY:4.265:54.184,N:ALA:4.017:85.408,NH1:ARG:3.589:nan,NH2:ARG:4.772:27.486
4BH5:0.75:1.57:I:3632	NZ:LYS:3.867:148.257,NE:ARG:4.505:103.154,NH1:ARG:4.663:86.232,NH2:ARG:4.886:113.765,O:GLY:4.655:38.176,N:ALA:3.666:90.044,SD:MET:3.710:81.576,SD:MET:4.175:53.360,NE:ARG:4.871:26.681,NH1:ARG:3.537:nan,O:GLY:4.938:87.566
4BH5:49.30:1.57:I:2436	N:GLY:4.649:131.465,O:GLY:3.741:106.871,N:ARG:4.200:125.005,NE:ARG:4.674:77.713,NH2:ARG:4.227:53.237,NE2:GLN:3.599:nan
4BH5:79.30:1.57:I:2518	N:SER:4.497:nan
4BH5:96.85:1.57:I:1851	NE:ARG:4.486:nan,NH1:ARG:4.798:28.624,NH2:ARG:4.864:28.167
4BH5:82.18:1.57:I:1855	O:ARG:4.833:27.396,NE:ARG:4.835:66.771,N:GLY:3.940:nan,O:GLY:4.476:36.095
4BH5:32.20:1.57:I:3643	O:GLY:4.451:51.793,N:ALA:4.221:81.625,NH1:ARG:3.670:nan,NH2:ARG:4.969:25.943,O:ASN:4.714:94.755,O:GLN:4.444:41.105,N:SER:4.947:146.675
4BH5:48.48:1.57:I:3518	O:ASN:4.751:80.056,N:GLN:4.744:75.840,N:SER:3.465:nan,O:SER:4.585:49.989,N:SER:3.739:44.423,OG:SER:4.995:70.892
4BH5:55.87:1.57:I:2204	OE1:GLN:3.371:nan,N:GLY:4.095:59.973,NZ:LYS:4.682:112.489
4BH5:67.92:1.57:I:3052	OG:SER:4.773:51.850,N:GLU:3.511:nan
4BH5:61.50:1.57:I:2865	OG1:THR:3.732:nan,NH1:ARG:4.765:74.857,OE1:GLN:4.444:80.506,NE2:GLN:4.063:66.221
4BH5:77.99:1.57:I:3376	O:ASN:4.760:53.363,O:GLN:4.485:nan,N:SER:4.956:107.099
4BH5:32.80:1.57:I:4523	O:ASN:4.607:79.892,N:GLN:4.752:75.737,N:SER:3.524:nan,O:SER:4.623:49.216,N:SER:3.667:43.498,OG:SER:4.883:70.172
4BH5:68.14:1.57:I:3953	OE1:GLN:4.151:93.439,NE2:GLN:3.680:64.559,O:LEU:4.508:74.571,N:GLN:4.668:47.032,N:GLY:3.513:nan
4BH5:76.61:1.57:I:3871	OG1:THR:3.691:nan,OE1:GLN:4.105:67.947,NE2:GLN:4.363:81.884
4BH5:43.10:1.57:I:4050	N:GLY:4.015:90.240,OG:SER:4.866:51.689,N:GLU:3.414:nan
4BH5:104.86:1.57:I:4296	NZ:LYS:4.974:nan
4EUU:0.66:1.8:I:3205	NZ:LYS:4.010:139.131,OE2:GLU:4.685:107.845,SD:MET:4.023:69.660,OG1:THR:3.155:nan,N:ASP:3.255:51.275,OD1:ASP:4.829:109.245,N:PHE:4.756:80.481
4EUU:0.21:1.8:I:8100	NZ:LYS:4.012:140.516,OE2:GLU:4.589:110.102,SD:MET:3.848:69.328,OG1:THR:3.221:nan,N:ASP:3.286:50.258,OD1:ASP:4.726:109.282,N:PHE:4.649:80.988
4GBO:39.39:2.0:I:974	NE:ARG:3.992:47.161,NE1:TRP:3.998:46.016,O:GLU:4.507:77.125,OD2:ASP:3.860:nan
4GBO:57.66:2.0:I:1909	O:SER:4.053:51.430,OG:SER:3.264:nan,N:TYR:3.953:63.027,O:TYR:4.054:95.065,N:PRO:3.551:118.582
4GBO:41.01:2.0:I:1735	O:LYS:4.750:38.928,N:PHE:4.241:nan,O:SER:4.773:94.661
4GBO:40.68:2.0:I:1957	N:GLN:3.797:82.926,N:ASN:3.549:50.734,O:ASN:4.403:77.113,ND2:ASN:3.477:nan
4GBO:82.22:2.0:I:1436	N:VAL:3.555:nan,O:VAL:4.400:40.171
4GBO:27.32:2.0:I:1722	N:GLN:3.442:nan,OE2:GLU:4.520:118.108,O:PRO:4.239:120.224,O:ASN:3.724:85.831,NE:ARG:4.225:79.383,NH1:ARG:3.942:112.085,NH2:ARG:4.288:92.068
4GBO:32.44:2.0:I:1257	O:GLY:4.202:142.628,N:ASN:4.711:170.266,O:ASN:4.346:143.132,ND2:ASN:3.901:138.415,N:HIS:3.753:139.989,N:ARG:3.537:99.802,N:ARG:3.532:99.506,NE:ARG:4.723:26.968,NH1:ARG:3.349:nan,N:ALA:4.371:104.075
4GBO:44.92:2.0:I:1083	OD1:ASN:3.914:54.055,ND2:ASN:3.422:87.085,ND2:ASN:3.321:nan,NE:ARG:3.443:100.808,NH2:ARG:4.669:105.374
4GBO:56.43:2.0:I:2025	OE1:GLN:3.997:58.976,NE2:GLN:4.510:86.483,O:ASN:3.525:nan,N:ARG:3.950:34.195,O:ARG:4.525:70.789,N:SER:3.976:73.358
4GBO:100.47:2.0:I:1400	NE:ARG:4.815:15.889,NH1:ARG:3.627:39.195,NH2:ARG:2.709:nan
4GBO:49.70:2.0:I:1482	OG1:THR:3.485:nan,NE:ARG:4.273:100.410,NH2:ARG:4.177:84.084,OD1:ASN:4.038:91.003,ND2:ASN:4.203:76.614
4GBO:29.37:2.0:I:1859	O:LEU:4.372:71.643,N:GLU:4.928:46.610,N:LEU:3.231:nan,O:LEU:4.825:33.407
4GBO:68.15:2.0:I:1621	OG:SER:3.164:nan,O:PRO:4.318:91.782,N:ALA:4.289:65.545,N:GLN:4.033:60.957
4GBO:60.93:2.0:I:1884	O:VAL:4.543:77.319,N:HIS:4.592:50.285,O:HIS:4.967:16.819,ND1:HIS:3.841:71.271,NE2:HIS:4.605:62.619,N:GLN:3.041:nan,O:GLN:3.311:51.362
4GBO:42.88:2.0:I:1953	O:ASN:3.480:nan,N:ILE:4.571:28.207,N:GLN:4.676:65.462,OE1:GLN:4.634:113.829,NE2:GLN:4.992:132.495
4GBO:45.46:2.0:I:842	O:GLY:4.773:47.802,NE:ARG:4.503:29.298,NH1:ARG:3.189:nan
4GBO:39.84:2.0:I:2413	NE:ARG:3.848:nan,NE1:TRP:3.963:64.138,O:GLU:4.400:124.521,OD2:ASP:3.870:52.115
4GBO:42.78:2.0:I:3284	O:LYS:4.692:40.169,N:PHE:4.441:nan,O:ASP:4.852:144.536,N:SER:4.951:131.657,O:SER:4.628:95.555
4GBO:59.33:2.0:I:3415	O:LEU:4.396:63.413,N:VAL:4.760:35.455,O:VAL:3.978:33.046,N:HIS:3.802:nan,O:HIS:4.822:34.837,N:GLN:4.245:51.472,OE1:GLN:4.840:105.876
4GBO:41.03:2.0:I:3498	N:GLN:3.932:81.723,N:ASN:3.525:53.022,O:ASN:4.231:79.108,ND2:ASN:3.451:nan
4GBO:56.25:2.0:I:2838	O:ASP:3.820:nan,N:GLY:3.828:33.759
4GBO:34.64:2.0:I:2808	O:GLY:4.043:155.123,OD1:ASN:4.033:126.860,N:HIS:3.557:130.246,N:ARG:3.652:93.293,NE:ARG:4.867:26.214,NH1:ARG:3.504:nan
4GBO:43.83:2.0:I:2415	O:GLY:4.717:44.530,NE:ARG:4.781:27.465,NH1:ARG:3.547:nan
4GBO:44.32:2.0:I:2923	OD1:ASN:3.955:94.584,ND2:ASN:3.475:101.425,ND2:ASN:3.662:90.727,NE:ARG:3.395:nan,NH2:ARG:3.898:35.391
4GBO:82.98:2.0:I:2985	N:VAL:3.565:nan,O:VAL:4.440:39.726
4GBO:56.76:2.0:I:3582	OE1:GLN:3.975:45.442,NE2:GLN:4.236:61.212,O:ASN:3.868:76.101,N:ARG:3.965:53.224,O:ARG:4.595:29.345,N:SER:3.696:nan,OG:SER:4.614:45.888
4GBO:52.63:2.0:I:2946	O:GLY:4.256:98.219,N:GLY:4.504:103.579,O:GLY:4.689:58.144,NE:ARG:4.165:nan,NH1:ARG:4.206:32.423
4IQZ:19.02:2.1:I:3553	ND2:ASN:3.628:nan
4IQZ:33.56:2.1:I:3095	O:LYS:4.576:119.634,N:GLY:4.505:116.515,O:ILE:4.827:57.994,N:GLU:4.339:nan,OE2:GLU:4.668:69.351,NZ:LYS:4.516:110.245
4IQZ:22.14:2.1:I:4825	O:GLY:4.692:52.315,N:GLN:3.683:nan,NE1:TRP:4.214:167.898,O:ASP:4.676:121.205,O:PRO:4.905:93.919
4IQZ:8.02:2.1:I:3395	O:ALA:4.539:69.255,N:GLY:3.371:nan,O:GLY:4.886:32.242,NH2:ARG:3.852:66.627,NE2:GLN:4.827:119.461
4IQZ:62.34:2.1:I:2729	O:ASN:3.634:nan,N:VAL:4.199:32.372,O:VAL:4.507:65.709,N:LYS:4.672:59.976,OG:SER:4.980:42.809
4IQZ:47.93:2.1:I:2791	N:VAL:3.512:nan,O:VAL:4.399:39.908,N:GLY:4.269:129.282
4IQZ:6.38:2.1:I:4337	NZ:LYS:3.018:nan,N:GLY:4.226:59.480,O:ILE:4.747:95.545,OG1:THR:3.667:139.979,N:ARG:3.309:151.426,O:ARG:3.981:149.686
4IQZ:27.46:2.1:I:2927	O:SER:4.926:75.118,OG1:THR:3.260:nan,O:GLU:4.342:144.894
4IQZ:37.15:2.1:I:3225	OE1:GLU:4.239:71.797,OE2:GLU:3.598:40.749,O:SER:4.001:65.170,OG:SER:2.830:nan,N:TYR:3.686:58.404,O:TYR:4.168:79.328,N:LYS:4.023:108.566,NZ:LYS:3.410:123.671
4IQZ:3.80:2.1:I:5015	OE1:GLN:4.393:26.931,NE2:GLN:2.873:nan,OG:SER:4.367:133.362,O:GLN:4.070:93.751,N:ILE:4.131:104.239,O:ILE:4.043:121.344,N:SER:3.741:154.263,OD2:ASP:4.605:158.011
4IQZ:70.54:2.1:I:2943	O:THR:4.916:61.523,N:ARG:3.429:nan,N:ASN:4.900:33.725
4IQZ:40.67:2.1:I:10174	OE1:GLN:3.330:113.854,NE2:GLN:4.485:109.425,O:THR:4.587:64.264,N:SER:4.965:46.780,N:ARG:3.268:nan,O:ARG:4.448:36.479
4IQZ:12.42:2.1:I:2775	OG:SER:3.222:nan,N:ASP:3.638:164.964,NE:ARG:4.253:100.340,NH1:ARG:4.166:124.555
4IQZ:33.99:2.1:I:4529	OG1:THR:4.937:39.149,N:ASP:3.713:nan,OG:SER:4.996:122.762,OG1:THR:4.955:70.974,ND2:ASN:4.229:134.085
4IQZ:86.18:2.1:I:4197	OG1:THR:4.760:47.146,N:ALA:4.032:nan,N:GLY:4.535:40.399
4IQZ:8.23:2.1:I:5282	OG:SER:4.756:145.506,NH2:ARG:4.803:133.579,NE:ARG:4.940:79.005,N:VAL:3.480:nan,O:VAL:4.743:35.590
4IQZ:64.03:2.1:I:6728	OG:SER:4.665:105.115,NH2:ARG:4.874:95.754,NE:ARG:4.304:nan,NH1:ARG:4.383:30.733,NH2:ARG:4.838:28.356
4IQZ:24.73:2.1:I:6028	OD2:ASP:4.967:47.014,O:THR:4.373:45.736,OG1:THR:3.078:nan,N:PRO:4.357:84.536,NE:ARG:3.759:94.595
4IQZ:35.87:2.1:I:5418	OG1:THR:3.271:nan,O:GLU:4.590:140.650
4IQZ:41.97:2.1:I:6186	O:VAL:3.914:nan,NE:ARG:3.933:96.864,NH2:ARG:4.075:127.468,N:GLY:4.828:33.494,O:GLY:4.862:59.735
4IQZ:67.48:2.1:I:5434	O:THR:4.852:61.141,N:ARG:3.605:nan,N:ASN:4.924:32.918
4IQZ:47.97:2.1:I:6840	O:VAL:4.982:59.413,N:ALA:3.633:nan,NE2:GLN:4.783:51.765
4IQZ:37.47:2.1:I:6148	OD2:ASP:4.838:158.174,N:GLY:4.820:108.723,O:GLY:4.616:102.225,OG:SER:3.473:nan,OG:SER:4.723:54.505
4IQZ:60.23:2.1:I:6138	N:SER:3.438:nan,O:SER:4.534:35.869,OG:SER:4.345:42.672
4IQZ:32.60:2.1:I:5946	NZ:LYS:4.291:132.362,OD1:ASN:3.139:nan,ND2:ASN:3.481:39.279
4IQZ:9.59:2.1:I:5266	NE:ARG:4.885:39.761,OG:SER:3.283:nan,N:ASP:3.651:162.317
4IQZ:41.37:2.1:I:6474	NZ:LYS:4.201:139.683,N:SER:3.348:nan,O:SER:3.835:46.159,OG:SER:3.922:44.461
4IQZ:72.66:2.1:I:7729	N:VAL:3.662:nan,O:VAL:4.605:39.314,OG:SER:4.901:72.766
4IQZ:45.10:2.1:I:9709	OG:SER:4.327:68.901,O:GLN:4.022:75.317,NE2:GLN:4.474:106.266,N:ILE:4.255:52.626,O:ILE:4.307:31.313,N:SER:3.999:nan,OD2:ASP:4.712:37.263
4IQZ:19.72:2.1:I:7905	OD1:ASN:4.538:28.945,ND2:ASN:3.457:nan,O:SER:4.668:53.702,N:SER:4.045:74.844,O:SER:4.246:94.046,N:LEU:4.149:70.696
4IQZ:60.81:2.1:I:8439	ND2:ASN:3.474:nan
4IQZ:36.21:2.1:I:7861	OG1:THR:3.245:nan,O:GLU:4.609:162.912
4IQZ:24.21:2.1:I:8529	OD2:ASP:4.673:41.314,O:THR:4.273:45.555,OG1:THR:3.200:nan,N:PRO:4.131:88.874,NE:ARG:3.826:99.347
4IQZ:58.02:2.1:I:9245	N:ALA:3.742:nan
4IQZ:30.02:2.1:I:9387	OG1:THR:4.504:36.628,N:ASP:3.738:nan,OG:SER:4.599:133.152,OD1:ASN:4.382:150.192,ND2:ASN:4.448:121.326
4IQZ:29.23:2.1:I:7713	OG:SER:3.416:nan,N:ASP:3.842:160.449
4IQZ:3.09:2.1:I:11658	N:ASN:3.729:84.908,O:VAL:4.879:110.995,N:TYR:3.766:155.977,N:GLU:3.698:nan,OE1:GLU:3.956:79.448,OE2:GLU:3.990:73.494
4IQZ:73.61:2.1:I:7877	O:THR:4.786:64.686,N:ARG:3.402:nan,O:ARG:4.566:35.040
4IQZ:20.24:2.1:I:11714	NE1:TRP:4.096:160.559,O:ASP:4.528:121.388,O:PRO:4.818:85.950,O:GLY:4.845:49.645,N:GLN:3.603:nan
4IQZ:10.71:2.1:I:10440	O:ASP:4.959:88.580,OG:SER:4.047:151.344,N:ASP:3.927:nan
4IQZ:52.80:2.1:I:10980	N:GLY:4.187:96.172,O:ILE:4.540:66.199,N:THR:4.937:48.774,OG1:THR:3.261:nan,N:ARG:3.690:50.228
4IQZ:31.33:2.1:I:11676	OD1:ASN:4.653:103.978,N:ASP:3.551:nan
4IQZ:55.57:2.1:I:10548	ND2:ASN:3.530:nan
4IQZ:39.92:2.1:I:10722	OG1:THR:4.460:169.466,O:THR:4.871:57.902,O:GLU:4.348:nan
4IQZ:51.99:2.1:I:11640	OG1:THR:4.577:112.289,OE1:GLN:4.836:27.593,NE2:GLN:4.072:nan
4IQZ:16.73:2.1:I:11412	OG:SER:4.155:143.779,OG1:THR:4.978:75.226,OD1:ASN:3.780:139.184,ND2:ASN:4.386:108.582,OG1:THR:4.928:38.753,N:ASP:3.445:nan
4IQZ:0.00:2.1:I:10336	O:GLN:4.475:140.238,N:GLU:3.757:155.465,OE1:GLU:4.067:82.487,OE2:GLU:4.013:84.156,NH2:ARG:4.771:81.492,N:ASN:3.794:97.688,O:VAL:4.944:52.463,N:TYR:3.728:nan
4IQZ:26.17:2.1:I:11268	N:GLY:4.661:116.079,O:VAL:4.937:59.188,N:ALA:3.905:nan
4IQZ:47.94:2.1:I:10862	O:PHE:3.814:77.132,N:THR:4.245:52.696,O:THR:4.823:27.030,N:ASP:3.730:nan
4IQZ:23.38:2.1:I:11894	O:SER:4.985:106.912,N:GLY:4.717:105.053,N:ALA:3.932:140.696,O:GLN:3.225:nan
4IQZ:44.49:2.1:I:14067	OG:SER:4.016:67.161,O:GLN:4.575:69.660,NE2:GLN:4.935:109.577,N:ILE:4.495:50.505,O:ILE:4.186:32.059,N:SER:3.936:nan,OG:SER:4.930:48.026,OD2:ASP:4.892:29.671
4IQZ:29.75:2.1:I:13037	N:GLY:4.496:158.548,OE1:GLN:4.310:122.374,N:ASP:3.679:nan,OD1:ASP:4.364:43.758
4IQZ:49.15:2.1:I:13625	N:ALA:3.548:nan,NE2:GLN:4.993:117.579
4IQZ:30.81:2.1:I:12625	OG:SER:3.898:161.300,N:ASP:3.506:nan
4J3X:4.76:1.75:I:7190	N:GLY:4.093:91.777,NE:ARG:3.789:nan,NH1:ARG:4.472:31.188,NH2:ARG:4.037:34.062,O:GLY:4.439:41.211
4J3X:36.07:1.75:I:7566	O:TYR:4.817:56.570,O:THR:4.506:73.452,NE:ARG:4.083:nan,NH1:ARG:4.693:29.372,NH1:ARG:4.809:120.702,NH2:ARG:4.919:96.882
4J3X:2.39:1.75:I:13846	ND1:HIS:4.895:105.299,NE2:HIS:3.720:118.616,O:SER:4.268:147.915,N:ILE:4.666:113.592,NE2:GLN:3.678:nan,OG:SER:4.937:105.743
4J3X:55.55:1.75:I:13800	OG:SER:4.885:34.422,ND1:HIS:4.640:27.035,NE2:HIS:4.496:nan
4J3X:64.57:1.75:I:8050	O:LYS:4.472:29.730,N:ARG:4.237:nan
4J3X:50.57:1.75:I:8050	N:ARG:3.936:nan
4J3X:46.20:1.75:I:9614	O:GLU:4.363:110.944,OE1:GLU:4.400:126.618,N:ALA:4.478:135.516,NE:ARG:4.663:29.824,NH1:ARG:3.855:nan
4J3X:15.10:1.75:I:5614	NE2:HIS:4.068:77.438,OE1:GLU:3.648:35.638,OE2:GLU:3.533:nan,O:ASP:4.784:128.966,N:TRP:4.004:156.706
4J3X:27.58:1.75:I:1430	OG:SER:3.743:nan,O:LYS:4.955:80.655
4J3X:12.92:1.75:I:6962	O:ASN:3.819:129.881,NE2:HIS:4.208:126.324,O:PHE:4.934:119.164,N:ALA:4.929:92.734,O:ILE:4.603:65.789,N:SER:4.560:37.846,OG:SER:3.038:nan
4N6Q:91.63:1.79:I:1910	O:PRO:4.538:29.274,N:SER:4.165:nan
4N6Q:28.89:1.79:I:1854	OD1:ASP:3.265:99.969,N:SER:3.171:nan,O:SER:4.472:47.688,OG:SER:4.400:40.391
4NA0:6.21:2.4:I:4361	OG:SER:3.584:nan,O:ARG:4.900:81.886,N:LYS:4.288:59.775,NZ:LYS:4.267:87.252,NZ:LYS:3.689:173.070,O:GLY:4.112:128.873,N:ALA:4.972:122.404,O:ALA:4.073:111.313,N:GLY:4.967:135.743
4NA0:73.84:2.4:I:2093	O:LEU:4.771:69.415,N:TYR:4.088:42.298,O:TYR:3.263:nan,O:ALA:3.832:45.530
4NA0:5.71:2.4:I:12608	OG:SER:3.838:175.731,O:ARG:4.865:97.064,N:LYS:4.392:118.334,NZ:LYS:4.742:104.157,NZ:LYS:3.519:nan,O:GLY:3.751:48.432,N:ALA:4.878:61.149,O:ALA:4.823:76.058,O:GLY:4.827:31.560
4NA0:59.86:2.4:I:10242	O:LEU:4.629:68.619,N:TYR:4.095:40.314,O:TYR:3.673:nan,O:THR:4.290:57.705,N:ALA:4.855:65.320
4NA0:13.15:2.4:I:20751	OG:SER:3.660:167.973,O:ARG:4.781:94.671,N:LYS:4.438:114.130,NZ:LYS:4.751:83.039,NZ:LYS:3.457:nan,O:GLY:4.069:34.982,N:ALA:4.843:55.588,N:GLY:4.077:46.993
4NA0:61.09:2.4:I:18401	N:TYR:4.310:53.681,O:TYR:3.398:nan,O:ALA:4.289:79.785
4OP2:0.31:2.24:I:4423	NZ:LYS:4.900:151.673,N:GLU:4.294:123.728,OE1:GLU:4.139:151.207,N:TYR:3.904:106.841,O:TYR:4.598:71.287,ND2:ASN:4.795:52.971,N:PHE:3.543:nan,N:ILE:3.871:44.846
4OP2:2.26:2.24:I:5417	O:LYS:4.862:109.025,N:ASP:4.923:137.038,O:VAL:4.954:26.876,N:CYS:4.581:nan,SG:CYS:4.839:35.670
4OP2:38.85:2.24:I:1518	NH1:ARG:3.512:nan,NH2:ARG:4.946:24.677,N:GLY:4.075:71.294
4OP2:47.85:2.24:I:1311	N:ALA:3.618:nan,NZ:LYS:3.962:80.271
4OP2:13.18:2.24:I:3192	O:GLU:4.025:42.770,OE2:GLU:4.537:105.086,N:ILE:4.334:69.666,OG1:THR:3.191:nan
4OP2:43.20:2.24:I:2088	O:SER:4.982:95.964,O:ARG:4.232:44.218,N:GLU:4.113:42.208,N:GLY:3.483:nan,N:THR:4.629:34.917,NE2:HIS:4.962:106.948
4OP2:32.51:2.24:I:973	O:MET:4.778:40.642,N:GLY:3.346:nan,O:GLY:4.429:54.311,N:THR:4.048:43.378,N:LYS:3.881:85.847,N:ARG:4.032:96.788,O:ALA:4.610:90.275
4OP2:14.10:2.24:I:1162	OE1:GLU:4.294:30.517,OE2:GLU:3.399:nan,N:SER:3.894:155.039,O:SER:4.855:151.790,NH2:ARG:3.607:41.844
4OP2:30.25:2.24:I:980	O:GLY:4.570:39.594,N:THR:4.847:44.078,O:THR:3.121:nan,OG1:THR:4.673:68.225,N:PHE:4.744:40.538,O:PHE:3.752:81.372,N:GLN:3.873:50.530,NZ:LYS:3.253:127.182
4OP2:38.68:2.24:I:2414	N:CYS:4.546:63.955,SG:CYS:4.905:98.462,OD1:ASN:3.194:nan
4OP2:48.18:2.24:I:4900	NE2:GLN:4.644:78.168,N:SER:3.597:nan,OG:SER:4.716:39.551,NE:ARG:4.208:84.638,NH1:ARG:4.508:127.287,NH2:ARG:3.863:125.445
4OP2:71.02:2.24:I:1546	OE1:GLU:4.080:93.661,O:TYR:4.938:49.216,OG:SER:4.272:66.451,N:GLU:3.879:nan
4OP2:2.00:2.24:I:8978	N:GLU:3.695:133.586,N:TYR:3.875:106.817,O:TYR:4.536:73.928,N:ASN:4.883:36.020,ND2:ASN:4.797:53.226,N:PHE:3.591:nan,N:ILE:3.742:43.373
4OP2:1.91:2.24:I:9977	N:ASP:4.874:121.886,O:VAL:4.710:68.357,N:CYS:4.566:40.583,SG:CYS:4.226:nan,NH1:ARG:4.593:60.774
4OP2:38.04:2.24:I:6040	NH1:ARG:3.405:nan,NH2:ARG:4.768:26.216,N:GLY:4.069:69.298
4OP2:19.74:2.24:I:7714	O:GLU:4.263:47.903,OE1:GLU:4.964:121.279,N:ILE:4.310:74.290,OG1:THR:3.478:nan
4OP2:33.35:2.24:I:5833	N:ALA:3.689:nan,OE1:GLU:4.933:54.616,NZ:LYS:4.199:95.442
4OP2:40.22:2.24:I:6610	O:ARG:4.322:48.140,N:GLU:4.005:44.054,N:GLY:3.455:nan,N:THR:4.504:40.172,NE2:HIS:4.956:104.955
4OP2:52.96:2.24:I:9455	O:GLY:4.995:56.824,NE2:GLN:4.872:77.006,N:SER:3.603:nan,OG:SER:4.712:41.075,NE:ARG:4.486:84.508,NH2:ARG:4.095:123.721
4OP2:25.41:2.24:I:5495	N:GLY:3.327:nan,O:GLY:4.411:54.445,N:THR:3.905:45.775,N:LYS:3.885:90.217,N:ARG:4.275:95.250,NE:ARG:4.963:110.674,O:ALA:4.573:85.876
4OP2:17.28:2.24:I:5684	OE1:GLU:4.295:29.428,OE2:GLU:3.052:nan,N:SER:3.798:165.939,O:SER:4.683:151.021,NH2:ARG:3.821:48.808
4OP2:35.44:2.24:I:9469	O:GLY:4.607:127.297,N:THR:4.869:151.925,O:THR:3.708:110.756,OG1:THR:4.588:162.541,N:PHE:4.899:88.178,O:PHE:4.124:41.966,N:GLN:4.425:65.819,NZ:LYS:3.593:nan
4OP2:18.97:2.24:I:8861	O:ALA:4.928:70.287,OG:SER:4.571:nan
4OP2:32.24:2.24:I:6936	N:CYS:4.358:62.930,O:CYS:4.987:52.163,SG:CYS:4.517:96.023,OD1:ASN:3.201:nan
4OP2:40.12:2.24:I:5583	OE2:GLU:4.284:55.416,O:THR:3.509:nan,O:PRO:4.657:49.129,O:GLY:3.907:102.123,O:GLN:4.442:85.716,N:SER:3.949:108.755
4OP2:15.33:2.24:I:6434	O:GLY:3.114:nan,N:LEU:4.826:21.222,N:GLU:3.516:136.762,OE1:GLU:4.388:134.947,OE2:GLU:3.653:111.159
5CYM:0.00:2.1:I:4784	O:ALA:4.242:154.589,O:PHE:4.674:38.886,O:SER:4.370:30.629,N:MET:4.025:nan,SD:MET:4.782:64.592
5CYM:36.18:2.1:I:12005	N:GLY:4.128:42.058,O:GLY:3.229:nan,N:LYS:4.992:19.960,N:LEU:4.464:38.433,O:LEU:4.407:51.289
5CYM:12.60:2.1:I:13420	NE:ARG:4.471:163.770,NH1:ARG:4.083:163.666,NH2:ARG:4.658:149.685,O:GLY:4.461:75.259,O:ALA:4.542:38.669,O:LYS:4.652:68.470,N:SER:4.335:52.355,O:SER:4.120:32.275,N:GLU:3.941:nan,OE2:GLU:4.922:74.563
5CYM:25.21:2.1:I:14294	O:ALA:4.271:136.438,N:ALA:4.978:156.482,N:ASN:4.748:158.921,O:LEU:4.315:140.379,N:GLY:4.970:124.124,N:LYS:4.625:107.353,N:SER:4.825:65.663,O:SER:3.887:54.957,N:ALA:4.597:37.227,O:ALA:3.461:nan
5CYM:4.40:2.1:I:7273	O:VAL:4.966:41.643,N:PRO:4.957:79.598,O:ASP:4.387:155.980,O:LYS:4.105:92.669,N:LEU:3.823:125.233,NZ:LYS:3.542:nan
5CYM:17.61:2.1:I:5631	OG1:THR:4.053:125.711,N:ARG:4.884:72.982,O:ARG:4.856:92.734,NE:ARG:3.297:nan,NH1:ARG:4.870:24.538,NH2:ARG:3.566:38.890
5CYM:4.27:2.1:I:11784	O:ASP:3.500:nan,N:GLY:4.666:27.576,O:LYS:4.407:65.826,N:ALA:4.505:68.631,O:ALA:4.716:70.225,N:GLY:3.918:45.888,O:GLY:4.983:40.712,O:ASP:4.825:112.799,N:LEU:4.897:142.916,O:LEU:4.286:170.541,N:SER:4.561:125.318
5CYM:6.18:2.1:I:12067	O:TYR:4.863:57.757,N:GLY:4.985:47.452,O:GLY:4.090:33.090,N:TYR:3.667:nan,O:TYR:4.129:40.419,N:VAL:4.466:52.052,O:LYS:4.568:39.472,N:ASP:4.365:145.105
5CYM:5.83:2.1:I:14166	O:TYR:3.418:109.152,N:VAL:4.313:116.566,O:VAL:4.185:126.499,N:ASP:4.189:157.324,N:VAL:4.678:97.363,O:GLY:2.953:nan,N:ASN:4.127:31.953,O:ASN:3.716:57.636,ND2:ASN:4.550:84.657,N:ASP:3.531:84.913
5CYM:5.60:2.1:I:14199	O:ASP:4.758:128.083,OD1:ASP:4.424:116.303,OD2:ASP:3.502:87.222,N:GLY:4.072:145.329,O:GLY:3.820:151.145,N:ALA:3.745:159.865,O:LYS:4.956:143.972,N:ASP:4.681:48.002,O:ASP:2.947:nan,OD1:ASP:3.934:56.428,N:LYS:4.959:15.002,N:SER:3.141:58.232,OG:SER:4.605:35.695
5CYM:4.96:2.1:I:18012	SD:MET:4.092:nan
5CYM:56.84:2.1:I:17873	O:ALA:4.029:nan,N:ILE:4.818:27.540
5CYM:10.69:2.1:I:16803	O:ASP:4.530:97.634,O:VAL:4.190:40.847,N:ASP:4.853:33.969,OD2:ASP:4.853:53.842,N:ALA:4.167:nan
5CYM:14.42:2.1:I:19148	O:LEU:3.403:nan,N:LEU:4.108:33.185,O:LEU:4.565:43.661,N:GLY:3.922:51.708
