1Q6P:4.03:2.3:CL:2642	OH:TYR:4.065:93.327,NE:ARG:4.186:100.917,NH1:ARG:3.690:121.015,NH1:ARG:3.237:nan,NH2:ARG:3.339:40.780,N:GLY:4.695:57.245,O:GLY:4.535:74.637,O:ILE:4.816:73.970,OE1:GLN:4.757:136.743,NE2:GLN:3.299:112.067
1VLP:5.08:1.75:CL:1520	OH:TYR:3.075:nan,ND2:ASN:3.372:79.419,O:LEU:4.691:106.996,O:TYR:4.701:138.493,N:LEU:3.242:111.081,O:LEU:4.279:89.981
1VLP:6.36:1.75:CL:4870	OH:TYR:3.150:nan,ND2:ASN:3.365:78.235,O:LEU:4.642:105.034,O:TYR:4.629:137.917,N:LEU:3.288:108.408,O:LEU:4.325:89.303
1VLP:5.17:1.75:CL:8249	OH:TYR:3.011:nan,ND2:ASN:3.348:79.662,O:LEU:4.738:107.617,O:TYR:4.665:137.964,N:LEU:3.181:112.347,O:LEU:4.233:91.523
2G45:7.86:1.99:CL:2287	O:TRP:3.956:106.602,N:LYS:4.676:78.526,NE:ARG:4.427:151.011,NE:ARG:4.111:176.239,NH1:ARG:3.825:148.852,NH2:ARG:2.547:153.335,O:GLY:4.980:96.480,O:TRP:4.156:69.637,N:LYS:4.514:97.114,NE:ARG:2.517:nan,NH1:ARG:4.197:28.219,NH2:ARG:2.715:51.893
2G4V:62.43:2.14:CL:1025	OH:TYR:3.038:nan,NH1:ARG:3.618:114.041,OD2:ASP:4.406:58.124
2OJW:1.75:2.05:CL:13790	NH1:ARG:4.568:120.223,O:THR:3.651:90.190,OG1:THR:3.234:78.460,N:ASN:4.376:118.865,O:CYS:4.851:104.426,N:LYS:4.701:77.362,O:LYS:4.917:47.836,N:THR:3.686:48.864,OG1:THR:3.146:nan,NH2:ARG:4.219:47.277
2OJW:1.20:2.05:CL:2370	O:CYS:4.731:104.703,N:LYS:4.649:77.580,O:LYS:4.901:47.685,N:THR:3.628:47.288,OG1:THR:3.089:nan,NH2:ARG:4.097:51.242,NH1:ARG:4.581:122.676,O:THR:3.635:90.184,OG1:THR:3.273:77.926,N:ASN:4.417:118.318
2OJW:1.26:2.05:CL:9287	O:CYS:4.816:141.791,N:LYS:4.816:128.670,N:THR:3.639:81.954,OG1:THR:3.203:78.065,NH2:ARG:4.136:71.923,NH1:ARG:4.635:133.472,O:THR:3.615:57.292,OG1:THR:3.156:nan,N:ASN:4.228:59.647
2OJW:0.97:2.05:CL:8102	O:CYS:4.758:106.664,N:LYS:4.683:79.302,O:LYS:4.972:49.147,N:THR:3.630:49.039,OG1:THR:3.110:nan,NH2:ARG:4.149:49.819,NH1:ARG:4.579:123.427,O:THR:3.670:89.001,OG1:THR:3.304:78.309,N:ASN:4.391:117.213
2OJW:1.06:2.05:CL:10972	O:CYS:4.817:104.452,N:LYS:4.765:77.870,O:LYS:4.963:47.200,N:THR:3.698:47.195,OG1:THR:3.111:nan,NH2:ARG:4.124:50.263,NH1:ARG:4.610:120.989,O:THR:3.597:88.756,OG1:THR:3.207:79.318,N:ASN:4.417:117.523
2WK0:2.51:1.65:CL:2323	OG:SER:3.668:136.014,OG:SER:3.022:110.632,OG1:THR:4.738:31.030,NZ:LYS:3.511:61.619,O:THR:3.449:59.827,OG1:THR:3.009:nan,N:GLY:3.915:62.407,N:ALA:4.451:107.557,NH1:ARG:4.704:69.701
2WK0:3.63:1.65:CL:3501	OG:SER:3.617:50.370,OG:SER:2.979:nan,OG1:THR:4.704:93.750,NZ:LYS:3.579:55.353,O:THR:3.553:92.218,OG1:THR:3.016:110.956,N:GLY:3.994:124.360,N:ALA:4.586:125.224,NH1:ARG:4.709:177.080
3AV9:44.00:1.7:CL:1030	NE2:HIS:4.160:117.222,N:GLU:3.222:nan,O:GLU:4.218:40.446
3AV9:45.50:1.7:CL:2306	NE2:HIS:4.259:117.836,N:GLU:3.108:1.783,N:GLU:3.103:nan,O:GLU:4.846:45.119,O:GLU:4.084:42.955
3OIY:34.04:2.35:CL:1866	SD:MET:4.883:54.300,NE:ARG:3.227:nan,NH1:ARG:3.536:39.462
3VS3:17.67:2.17:CL:1008	NH1:ARG:3.956:159.323,NH2:ARG:3.496:124.160,NE:ARG:4.765:86.768,NH1:ARG:3.266:112.133,NE:ARG:4.797:21.196,NH1:ARG:2.958:nan,NH2:ARG:3.184:43.695
3VS3:19.72:2.17:CL:4490	NH1:ARG:3.630:87.954,NH2:ARG:3.258:115.482,NE:ARG:4.550:28.509,NH1:ARG:3.246:nan,NH1:ARG:3.448:117.913,NH2:ARG:3.266:97.086
4BRN:0.26:1.69:CL:9883	NE:ARG:3.351:133.611,NH2:ARG:4.447:131.972,NE:ARG:3.957:145.851,NH1:ARG:4.431:134.200,N:GLY:3.477:158.552,OG:SER:4.684:102.704,OD1:ASN:4.486:29.794,ND2:ASN:3.341:nan,O:PRO:3.801:102.586,N:ASP:3.705:69.413
4BRN:0.08:1.69:CL:1654	N:GLN:3.311:88.420,NE2:GLN:3.172:nan,OG1:THR:4.703:65.125,N:GLN:3.357:109.731,NE2:GLN:3.255:139.171,OG1:THR:4.836:83.119
4BRN:1.89:1.69:CL:4126	OD1:ASN:4.316:30.772,ND2:ASN:3.249:nan,O:PRO:4.140:103.064,N:ASP:3.695:71.786,NE:ARG:3.783:150.201,NH2:ARG:4.909:145.508,NE:ARG:4.644:158.434,NH1:ARG:4.917:145.719,N:GLY:4.780:158.322,OG:SER:4.976:115.519
4IEN:0.68:2.0:CL:3993	ND2:ASN:3.362:135.705,O:VAL:4.544:145.445,ND1:HIS:4.236:136.681,N:GLY:3.222:136.745,OD2:ASP:4.917:94.641,O:CYS:4.699:68.932,N:VAL:4.964:44.513,N:THR:3.178:nan,O:THR:4.814:38.922,OG1:THR:3.769:47.219
4IEN:0.51:2.0:CL:3619	OD2:ASP:4.947:61.413,O:CYS:4.731:145.959,N:VAL:4.958:170.934,N:THR:3.169:135.538,O:THR:4.803:108.745,OG1:THR:3.824:95.800,ND2:ASN:3.364:85.081,O:VAL:4.493:52.695,ND1:HIS:4.219:56.433,N:GLY:3.143:nan
4IEN:0.49:2.0:CL:6040	ND2:ASN:3.354:85.251,O:VAL:4.515:52.816,ND1:HIS:4.156:55.632,N:GLY:3.147:nan,OD1:ASP:4.918:60.814,O:CYS:4.695:145.698,N:VAL:4.937:170.017,N:THR:3.190:135.170,O:THR:4.811:108.304,OG1:THR:3.813:94.886
4IEN:0.64:2.0:CL:8461	O:CYS:4.693:145.692,N:VAL:4.919:170.375,N:THR:3.243:133.971,O:THR:4.765:107.556,OG1:THR:3.833:94.050,ND2:ASN:3.376:84.645,O:VAL:4.518:52.472,ND1:HIS:4.243:55.069,N:GLY:3.197:nan
4MST:33.00:1.93:CL:694	N:PHE:4.938:82.307,O:PHE:4.001:46.808,N:PRO:3.639:48.026,N:ALA:3.414:nan,N:PHE:4.673:35.140
4MST:32.10:1.93:CL:2576	N:PHE:4.984:82.555,O:PHE:4.126:47.756,N:PRO:3.553:48.539,N:ALA:3.407:nan,N:PHE:4.847:33.749
4PIB:6.45:2.0:CL:9933	O:LEU:4.436:107.385,N:THR:4.878:107.290,N:GLY:3.371:115.270,O:GLY:4.770:146.448,O:LEU:4.501:74.869,N:THR:4.866:48.433,N:GLY:3.262:nan,O:GLY:4.711:35.480
4PIB:47.17:2.0:CL:7200	O:LEU:4.547:71.807,N:GLY:3.418:nan,O:GLY:4.601:37.040
4PIB:5.69:2.0:CL:12700	O:LEU:4.503:74.327,N:THR:4.838:48.510,N:GLY:3.191:nan,O:GLY:4.732:34.151,O:LEU:4.469:109.376,N:THR:4.862:111.247,N:GLY:3.305:119.380,O:GLY:4.642:150.745
4PIB:6.13:2.0:CL:20809	O:LEU:4.568:109.246,N:GLY:3.444:116.257,O:GLY:4.920:146.096,O:LEU:4.548:73.495,N:THR:4.967:47.224,N:GLY:3.377:nan,O:GLY:4.553:37.897
4PIB:2.96:2.0:CL:17866	ND2:ASN:4.938:37.266,O:ILE:3.612:88.738,N:ASP:4.859:88.950,OD1:ASP:4.312:85.076,N:VAL:3.257:124.683,N:ALA:4.148:133.513,OG:SER:4.413:90.000,N:THR:3.465:54.589,OG1:THR:3.022:nan,N:SER:4.476:49.360
4PIB:5.17:2.0:CL:23480	O:LEU:4.714:70.739,N:GLY:3.334:nan,O:GLY:4.684:36.400,O:LEU:4.639:110.332,N:THR:4.975:112.339,N:GLY:3.380:113.970,O:GLY:4.241:144.162
4PIB:2.92:2.0:CL:28578	ND2:ASN:4.918:37.047,O:ILE:3.707:86.936,N:ASP:4.950:87.531,OD1:ASP:4.442:84.297,N:VAL:3.362:123.104,N:ALA:4.019:136.699,OG:SER:4.255:91.719,N:THR:3.439:53.792,OG1:THR:2.954:nan,N:SER:4.532:49.860
5I5V:24.45:1.94:CL:2270	O:ASN:4.766:54.885,ND2:ASN:3.915:nan,O:LEU:4.811:95.583,O:ILE:4.822:74.236
5I5V:32.75:1.94:CL:5188	O:ASN:4.945:54.842,ND2:ASN:3.991:nan,O:LEU:4.809:95.568,O:ILE:4.876:74.646
5JAP:10.13:2.46:CL:5579	OG:SER:4.950:133.138,O:TYR:4.139:78.340,N:PHE:3.775:107.802,N:HIS:3.172:139.692,NZ:LYS:3.043:nan
5JDH:33.56:2.2:CL:2271	ND2:ASN:3.411:133.679,O:ASN:4.626:89.476,O:LEU:4.290:49.959,N:GLY:3.749:47.313,N:GLY:3.156:nan,N:MET:4.043:43.360
5SZZ:0.50:2.3:CL:4614	ND2:ASN:3.287:140.442,O:VAL:4.487:145.221,ND1:HIS:4.236:134.369,N:GLY:3.380:130.770,OD2:ASP:4.959:93.833,O:CYS:4.593:69.773,N:VAL:4.860:46.739,N:THR:3.157:nan,O:THR:4.804:36.782,OG1:THR:3.810:46.831
5SZZ:27.43:2.3:CL:2275	OD2:ASP:4.866:95.227,O:CYS:4.780:67.373,N:THR:3.092:nan,O:THR:4.697:39.038,OG1:THR:3.556:49.166
5SZZ:27.75:2.3:CL:3443	O:CYS:4.942:65.481,N:THR:3.177:nan,O:THR:4.620:39.076,OG1:THR:3.790:47.172
5SZZ:0.66:2.3:CL:4427	O:CYS:4.824:144.303,N:THR:3.260:134.336,O:THR:4.850:108.905,OG1:THR:3.724:91.451,ND2:ASN:3.344:85.895,O:VAL:4.396:54.481,ND1:HIS:4.361:55.311,N:GLY:3.160:nan
5W6F:1.20:2.18:CL:28799	NE:ARG:4.322:41.145,NH2:ARG:3.260:72.028,OH:TYR:4.453:81.903,N:SER:3.577:47.244,OG:SER:3.178:nan,O:TRP:3.981:80.347,N:ASN:4.980:103.703,OD1:ASN:4.878:144.977,ND2:ASN:4.474:119.654,N:SER:3.354:137.788,OG:SER:3.215:136.962,N:VAL:4.897:170.488
6GB0:35.98:1.81:CL:8904	N:GLY:3.466:nan,O:GLY:4.845:36.478,NH1:ARG:3.499:63.143,NH2:ARG:3.535:95.208,N:SER:4.533:100.063,OG:SER:3.738:88.085
6GB0:70.19:1.81:CL:6248	O:THR:3.761:nan,O:LEU:4.685:56.971,N:GLY:3.853:61.146
