1B2Y:0.28:3.2:CL:2024	NE:ARG:3.266:40.489,NH2:ARG:3.254:nan,OE2:GLU:4.850:45.925,ND2:ASN:3.470:95.743,NH1:ARG:3.399:126.610,NH2:ARG:3.367:155.083
1MG1:57.03:2.5:CL:3454	N:ILE:4.843:74.331,O:ILE:4.658:71.702,ND2:ASN:3.210:nan
1MG1:70.80:2.5:CL:3567	O:ALA:4.580:65.662,ND2:ASN:3.790:nan
1SF8:43.51:2.6:CL:4905	N:THR:3.588:104.296,N:ASP:3.865:85.091,N:THR:3.866:45.043,OG1:THR:3.156:nan
1SF8:47.28:2.6:CL:5802	O:ARG:4.745:65.640,N:THR:3.607:nan,OG1:THR:4.594:38.063,N:ASP:4.472:43.961,N:THR:4.356:61.925,OG1:THR:3.733:100.441
1SF8:4.99:2.6:CL:7718	ND2:ASN:4.258:135.395,O:THR:4.712:58.669,OG1:THR:3.714:117.181,N:PRO:3.021:62.163,O:PRO:4.783:12.891,N:ALA:2.696:nan,O:ALA:2.831:60.182,N:ILE:4.878:46.275,OE1:GLN:4.894:108.594,NE2:GLN:2.795:119.128
1VAO:0.94:2.5:CL:2065	OH:TYR:4.995:81.514,O:PRO:4.971:39.046,N:ASP:3.923:48.773,N:LEU:2.965:nan,O:LEU:3.988:45.415
1VAO:0.51:2.5:CL:6417	OH:TYR:4.962:80.636,O:PRO:4.993:39.491,N:ASP:4.027:47.081,N:LEU:3.131:nan,O:LEU:3.919:45.933
2XB6:29.56:2.6:CL:5519	N:ARG:4.579:80.453,O:ARG:4.009:49.211,N:ALA:3.965:43.658,N:THR:3.633:nan,OG1:THR:4.084:43.721,N:LYS:3.775:43.495,NZ:LYS:4.632:115.550
2XB6:31.12:2.6:CL:5534	O:MET:3.525:66.782,N:TYR:4.951:84.935,O:TYR:4.762:123.206,N:THR:4.387:117.812,O:THR:4.047:124.243,N:ASP:4.490:154.302,NZ:LYS:3.304:nan
2XB6:32.20:2.6:CL:9796	N:ARG:4.642:80.637,O:ARG:4.145:49.694,N:ALA:3.922:42.905,N:THR:3.526:nan,OG1:THR:3.897:44.376,N:LYS:3.661:44.561,NZ:LYS:4.574:117.053
2XB6:30.39:2.6:CL:9811	O:MET:3.549:63.893,N:TYR:4.916:83.591,O:TYR:4.694:122.889,N:THR:4.275:116.513,O:THR:4.093:122.029,N:ASP:4.337:152.868,NZ:LYS:3.440:nan
2XB6:28.31:2.6:CL:9865	NZ:LYS:4.138:75.298,N:ALA:4.926:99.267,OE2:GLU:3.173:nan
2Y1K:38.39:2.5:CL:8592	NH2:ARG:4.881:57.656,OG:SER:4.565:60.143,N:THR:3.691:nan,OG1:THR:4.461:43.804,OG1:THR:3.841:83.316
3CCJ:34.93:3.3:CL:8298	NZ:LYS:4.910:128.064,NZ:LYS:3.127:nan,OP2:G:4.497:74.171
3CCJ:5.31:3.3:CL:10445	O:LYS:4.862:100.878,N:ARG:4.643:74.893,NE:ARG:3.755:nan,NH1:ARG:3.876:35.184,N:LYS:4.658:102.880,O:ARG:4.838:38.100,O2':U:4.807:148.378,O4':U:3.984:138.610,O2':U:4.332:101.715,N2:G:3.997:87.345
3CCJ:17.85:3.3:CL:19578	O:SER:4.340:76.328,N:ASN:4.691:50.089,O:ASN:4.855:16.041,OD1:ASN:3.856:89.300,N:ILE:2.873:nan,N:LYS:3.177:51.364,O:LYS:4.541:82.608
3CCJ:32.46:3.3:CL:19282	O:LEU:4.949:74.991,N:PRO:4.718:80.510,O:PRO:3.911:47.503,N:HIS:3.823:44.849,ND1:HIS:4.890:59.264,N:LYS:3.354:nan,N:LYS:4.054:40.371
3CCJ:13.31:3.3:CL:19002	OE1:GLN:4.061:143.413,NE2:GLN:4.549:173.131,NZ:LYS:3.047:nan,O2':G:3.254:123.275,N9:G:4.583:137.572,N7:G:4.447:128.147,N6:A:4.806:49.759,N4:C:3.920:95.047
3CCJ:15.04:3.3:CL:19074	O:ILE:4.939:118.012,O:GLY:4.734:71.114,N:ASN:3.293:48.007,O:ASN:3.176:nan,N:GLY:4.361:36.509,N:TYR:3.956:86.675,O3':A:4.041:126.340,P:A:4.906:126.295,OP1:A:4.403:118.047
3CCJ:16.63:3.3:CL:21176	O:PHE:4.777:157.881,N:ARG:3.353:101.236,O:ARG:4.480:63.666,OE1:GLN:3.087:nan,NE2:GLN:4.381:28.993,OP1:A:4.313:123.503,O5':A:4.793:135.822,O3':A:4.451:108.420,OP1:A:4.791:77.394
3CCJ:0.00:3.3:CL:22715	OG:SER:3.213:nan,O:LEU:4.552:49.209,N:ARG:4.987:72.836,N:VAL:3.345:85.999,N:ASP:4.171:117.876,O:ASP:4.407:123.647,N:ARG:3.550:150.654,N:VAL:3.349:130.869,N:PHE:4.925:102.657
3CCJ:5.46:3.3:CL:24224	NZ:LYS:3.738:79.515,O:ALA:4.543:56.612,N:ARG:4.591:83.531,O:ARG:4.706:103.523,NE:ARG:3.963:79.984,N:LYS:3.038:90.678,O:LYS:3.600:129.116,OD1:ASN:2.786:nan,ND2:ASN:3.748:36.668
3CCJ:3.28:3.3:CL:25178	O:GLU:4.678:81.563,N:ASN:3.507:66.439,O:ASN:4.340:88.997,ND2:ASN:3.332:nan,NE:ARG:4.637:153.089,NH2:ARG:4.732:157.154,OP2:G:4.376:126.624,O5':G:4.416:99.871,O3':G:4.955:66.293,N9:G:4.475:60.268,N7:G:3.657:75.350
3CCJ:14.15:3.3:CL:27252	N:PHE:4.831:47.295,O:PHE:4.465:21.173,N:HIS:2.608:nan,O:HIS:4.885:28.195,O4':C:4.254:166.018,O2':C:3.238:118.618
3CCJ:22.44:3.3:CL:28486	N:LYS:4.886:140.405,NZ:LYS:3.375:nan
3CCJ:18.05:3.3:CL:33701	NE:ARG:3.205:nan,NH2:ARG:3.759:37.335,OP1:G:4.960:85.470,O3':G:4.491:141.074,N7:A:4.835:45.854,N6:A:3.892:84.181,N1:A:4.289:88.720
3CCJ:16.00:3.3:CL:36156	NZ:LYS:4.135:168.415,O:LYS:4.056:78.660,N:THR:4.506:49.240,OG1:THR:4.994:63.976,N:ASP:3.445:nan,O:ASP:4.630:45.056,N:LEU:4.928:35.140
3CCJ:36.27:3.3:CL:71424	NZ:LYS:4.869:141.679,O2:C:4.869:34.207,O4':G:4.404:74.592,O2':G:3.990:97.751,N9:G:4.660:50.368,N3:G:4.845:46.631,N3:A:4.243:95.313,N2:G:3.052:nan,N3:G:4.329:30.247
3CCJ:3.52:3.3:CL:40456	O2:C:4.616:35.823,N4:C:4.119:136.738,N1:A:4.745:50.457,N2:G:3.467:nan,N3:G:4.668:28.396,O4':U:4.447:60.751,O2':U:4.878:83.386,N1:U:4.957:40.461,O2:U:4.493:43.884,O2':C:4.796:107.155,OP1:G:4.618:104.705,O5':G:4.770:131.967,O3':G:4.040:160.228
3CCJ:2.04:3.3:CL:88610	NZ:LYS:3.936:74.551,O:ILE:3.484:88.123,N:SER:4.922:95.575,OG:SER:3.509:64.724,N2:G:3.261:86.966,N9:A:4.978:86.786,N3:A:4.275:67.543,N1:A:4.248:34.193,N3:A:3.216:nan,O4':U:4.758:55.197,O2':U:4.631:90.968,N1:U:4.644:50.209,O2:U:4.388:72.883
3CCJ:20.56:3.3:CL:64014	N2:G:3.726:60.251,N3:G:4.514:90.227,O4':G:4.155:107.594,O2':G:3.653:84.202,N6:A:3.401:56.127,O6:G:4.519:70.594,N1:G:3.237:42.263,N2:G:3.135:nan,N3:G:4.970:19.903,N1:A:4.494:49.023
3CCJ:9.82:3.3:CL:49949	OE1:GLN:3.901:158.846,O:HIS:4.794:154.920,ND1:HIS:3.285:99.929,O2':G:2.894:nan,N9:G:4.124:50.491,N7:G:4.745:77.788,N3:G:4.556:59.529
3CCJ:25.39:3.3:CL:70776	N9:G:4.943:48.253,N3:G:4.261:59.977,N6:A:3.696:60.489,N6:A:3.286:107.641,O2':G:4.753:84.927,N2:G:2.995:nan,N3:G:3.924:35.821,O4':G:3.604:73.977,O2':G:4.807:84.751,N9:G:4.431:44.560
3CCJ:15.25:3.3:CL:48877	NE:ARG:3.806:153.202,NE2:GLN:4.871:97.334,NH2:ARG:3.859:65.096,O3':C:4.832:28.754,O2':C:2.761:nan,O5':U:4.710:51.915,O4':U:3.486:65.456
3CCJ:30.70:3.3:CL:58503	OE1:GLU:4.473:147.337,O6:G:3.652:38.426,N1:G:3.020:nan,N2:G:3.779:37.389,O2':G:4.126:83.553,N9:G:3.899:69.567,N7:G:3.104:74.251,N7:A:4.826:63.212,N6:A:4.447:61.504
4KVM:2.18:2.6:CL:48481	NE:ARG:3.986:52.243,NH2:ARG:3.902:67.968,SG:CYS:4.193:107.177,NE1:TRP:3.714:110.466,O:LEU:3.664:nan,N:HIS:4.577:29.083
4KVM:9.74:2.6:CL:10587	NH2:ARG:4.566:102.050,O:ALA:4.919:110.815,OD1:ASN:4.451:165.348,O:PHE:3.936:nan
4KVM:35.03:2.6:CL:4583	O:GLY:4.309:84.208,N:TYR:3.841:45.292,N:ALA:3.406:nan,NZ:LYS:4.473:92.618
4KVM:95.46:2.6:CL:2351	NZ:LYS:3.801:nan
4KVM:65.19:2.6:CL:4029	OE1:GLN:4.186:86.556,NE2:GLN:4.367:93.745,NZ:LYS:2.407:nan
4KVM:81.14:2.6:CL:3513	NZ:LYS:4.048:nan
4KVM:90.10:2.6:CL:4531	NE:ARG:3.641:39.240,NH1:ARG:3.832:36.285,NH2:ARG:4.462:39.571,NH2:ARG:2.739:nan
4KVM:69.77:2.6:CL:8817	NZ:LYS:3.445:nan,NZ:LYS:4.644:84.798,NH1:ARG:4.207:65.047,NH2:ARG:4.626:93.710
4KVM:69.29:2.6:CL:10671	NE:ARG:3.333:nan
4KVM:9.10:2.6:CL:8771	NE:ARG:3.348:43.040,NH1:ARG:3.713:38.220,NH2:ARG:2.689:nan,NZ:LYS:4.058:133.627,NZ:LYS:3.812:63.483,NZ:LYS:3.357:128.026,OH:TYR:3.874:97.052
4KVM:72.51:2.6:CL:4027	NZ:LYS:2.576:nan,NE:ARG:4.842:100.391,NH1:ARG:4.875:119.319
4KVM:82.38:2.6:CL:5779	NZ:LYS:2.683:nan
4KVM:53.58:2.6:CL:6663	OD2:ASP:4.494:54.589,NE:ARG:4.533:14.419,NH1:ARG:4.275:24.121,NH2:ARG:2.390:nan
4KVM:55.03:2.6:CL:11079	O:PRO:4.606:87.182,NE:ARG:3.909:34.699,NH1:ARG:2.619:nan,NH2:ARG:4.865:7.849,OD1:ASN:4.559:45.431
4KVM:53.01:2.6:CL:20624	N:HIS:4.921:86.229,ND1:HIS:4.989:122.433,NE2:HIS:4.269:116.337,NZ:LYS:3.874:nan
4KVM:1.13:2.6:CL:15938	O:ARG:4.789:52.808,NE:ARG:3.725:90.564,NH2:ARG:4.099:119.725,N:SER:4.529:42.360,OG:SER:3.122:nan,OE1:GLU:4.286:164.974
4KVM:40.80:2.6:CL:17046	NE:ARG:4.103:nan,NH1:ARG:4.661:29.511,NH1:ARG:4.467:79.603
4KVM:2.66:2.6:CL:50960	NE:ARG:3.767:53.703,NH2:ARG:3.764:71.523,SG:CYS:4.294:108.654,NE1:TRP:3.886:110.509,O:LEU:3.613:nan,N:HIS:4.645:28.187
4KVM:9.79:2.6:CL:15706	NH2:ARG:4.179:nan,OD1:ASN:4.329:93.802,O:HIS:4.981:48.982,O:PHE:4.182:103.680
4KVM:45.76:2.6:CL:15898	ND2:ASN:4.001:76.769,OD1:ASN:4.523:29.927,ND2:ASN:3.996:nan
4KVM:49.62:2.6:CL:22288	NE:ARG:4.547:nan,NH1:ARG:4.873:28.338
4KVM:34.19:2.6:CL:23050	N:ASP:4.872:33.109,OD1:ASP:2.855:nan,OD2:ASP:4.572:21.913,NZ:LYS:2.937:132.126,NZ:LYS:4.657:50.598
4KVM:27.89:2.6:CL:24162	OD1:ASP:3.625:85.239,OD2:ASP:4.041:104.501,OH:TYR:4.961:61.297,NZ:LYS:3.292:nan
4KVM:64.82:2.6:CL:20924	NZ:LYS:3.857:66.933,NZ:LYS:4.423:69.950,NH1:ARG:3.603:nan,NH2:ARG:3.793:36.090
4KVM:10.94:2.6:CL:20304	NE:ARG:3.436:41.485,NH1:ARG:3.812:37.310,NH2:ARG:2.937:nan,NZ:LYS:3.737:137.758,NZ:LYS:4.078:57.000,NZ:LYS:3.380:119.548,OH:TYR:3.797:94.085
4KVM:70.92:2.6:CL:20302	NH1:ARG:4.209:nan,NH2:ARG:4.757:29.074,NZ:LYS:4.703:83.825,NZ:LYS:4.505:100.485
4KVM:26.06:2.6:CL:20924	NE:ARG:4.467:31.077,NH1:ARG:3.942:nan
4KVM:67.53:2.6:CL:20350	NZ:LYS:2.678:nan,NE2:HIS:3.829:79.422
4KVM:73.08:2.6:CL:15616	O:ARG:3.986:64.347,NZ:LYS:3.306:nan
4KVM:76.43:2.6:CL:15618	OE1:GLN:4.240:76.674,NE2:GLN:3.771:95.548,NZ:LYS:3.225:nan
4KVM:66.05:2.6:CL:29691	OD1:ASP:4.868:80.377,OD2:ASP:3.897:64.250,NE:ARG:4.522:24.939,NH1:ARG:4.195:31.112,NH2:ARG:2.828:nan
4KVM:2.58:2.6:CL:33735	NH2:ARG:3.917:155.878,O:ALA:4.933:95.151,OD1:ASN:4.220:73.230,O:HIS:4.868:140.444,O:PHE:4.352:88.891,NH2:ARG:3.826:nan
4KVM:77.29:2.6:CL:25471	NZ:LYS:3.482:nan
4KVM:67.71:2.6:CL:27115	O:ARG:4.590:52.788,NZ:LYS:4.539:nan
4KVM:39.57:2.6:CL:28543	NE:ARG:3.987:nan,NH1:ARG:4.479:30.708,NH1:ARG:4.579:79.321
4KVM:95.01:2.6:CL:36137	OG:SER:4.555:nan
4KVM:71.76:2.6:CL:31799	NH1:ARG:3.630:nan,NH2:ARG:4.167:33.453,NZ:LYS:4.833:105.293
4KVM:70.50:2.6:CL:31847	NZ:LYS:3.568:nan,NH1:ARG:3.717:68.456,NH2:ARG:4.282:96.915
4KVM:53.12:2.6:CL:31867	O:ASP:4.201:85.529,OD2:ASP:4.395:65.641,N:HIS:4.671:108.543,O:HIS:4.652:120.394,ND1:HIS:4.541:28.171,NE2:HIS:3.989:nan
4KVM:12.40:2.6:CL:31801	NE:ARG:3.386:42.391,NH1:ARG:3.644:39.166,NH2:ARG:2.769:nan,NZ:LYS:3.924:138.209,NZ:LYS:3.918:61.353,NZ:LYS:3.469:124.282,OH:TYR:3.735:95.474
4KVM:1.02:2.6:CL:27435	NE:ARG:3.707:88.606,NH2:ARG:4.724:114.826,N:SER:4.439:43.626,OG:SER:3.058:nan,OE1:GLU:4.409:161.080
4KVM:1.40:2.6:CL:32219	O:ARG:4.653:76.036,NE:ARG:3.388:nan,NH2:ARG:3.941:35.678,N:GLY:4.935:105.889,NE1:TRP:4.541:147.442,O:LEU:3.902:53.609,N:HIS:4.938:78.891,O:HIS:4.937:67.987
4KVM:53.60:2.6:CL:26579	OE1:GLN:4.945:25.697,NE2:GLN:3.723:nan,NZ:LYS:4.260:126.907
4KVM:1.50:2.6:CL:45250	NH2:ARG:4.140:159.583,OD1:ASN:4.009:81.548,O:PHE:4.556:90.334,NH2:ARG:3.379:nan
4KVM:55.65:2.6:CL:46350	OE2:GLU:4.116:160.899,NZ:LYS:2.421:nan
4KVM:66.29:2.6:CL:43314	NH1:ARG:4.107:nan,NH2:ARG:4.675:29.589,NZ:LYS:4.382:88.592,NZ:LYS:4.398:102.493
4KVM:37.54:2.6:CL:36828	O:ILE:3.476:106.737,N:THR:4.822:108.946,NE:ARG:3.310:nan,NH2:ARG:4.233:32.738
4KVM:82.18:2.6:CL:37712	NE:ARG:4.217:32.301,NH1:ARG:3.069:nan,NH2:ARG:3.402:41.211
4KVM:39.07:2.6:CL:38582	O:ARG:3.601:49.797,N:TYR:3.389:nan,N:LYS:4.006:44.418,NZ:LYS:4.529:59.797
4KVM:26.63:2.6:CL:38874	NE:ARG:4.223:30.103,NH1:ARG:2.790:nan,N:ASP:4.041:92.710,OE1:GLU:2.844:87.731,OE2:GLU:4.796:93.439
4KVM:41.14:2.6:CL:39074	O:ARG:4.652:89.446,NE:ARG:2.934:nan,NH1:ARG:4.509:26.978,NH2:ARG:3.037:45.234,OE2:GLU:4.831:82.841
4KVM:37.83:2.6:CL:39730	O:LYS:3.684:83.032,NZ:LYS:2.704:nan,N:ASP:4.991:88.525,OD1:ASP:3.755:83.663
4KVM:52.93:2.6:CL:41730	O:LYS:3.241:nan,NZ:LYS:4.636:120.476,N:ARG:4.979:20.310
4KVM:8.57:2.6:CL:43316	NE:ARG:3.339:43.070,NH1:ARG:3.722:38.040,NH2:ARG:2.666:nan,NZ:LYS:4.102:133.175,NZ:LYS:3.737:63.826,NZ:LYS:3.334:128.872,OH:TYR:3.817:97.163
4KVM:81.78:2.6:CL:45240	NE:ARG:2.931:nan,NH1:ARG:3.442:41.381,NH2:ARG:4.097:33.348
4KVM:65.47:2.6:CL:43362	NZ:LYS:3.042:nan,NH1:ARG:3.802:73.970,NH2:ARG:4.520:101.722
4KVM:1.51:2.6:CL:43734	NE:ARG:3.837:nan,NH2:ARG:3.951:34.645,SG:CYS:4.595:122.669,NE1:TRP:4.054:146.159,O:LEU:4.174:49.049
4KVM:6.54:2.6:CL:44714	O:LYS:4.284:51.174,N:PHE:4.618:64.878,N:ALA:4.107:41.978,N:LEU:3.565:nan,OG:SER:4.082:90.269,NE:ARG:4.503:134.986,OE2:GLU:4.512:93.551
4KVM:52.72:2.6:CL:48655	O:LYS:4.436:nan
4KVM:49.34:2.6:CL:48509	NZ:LYS:4.386:79.597,ND2:ASN:4.975:59.079,ND1:HIS:4.892:25.468,NE2:HIS:3.997:nan,SD:MET:4.495:82.156
4KVM:89.88:2.6:CL:49035	NH1:ARG:3.909:nan
4KVM:93.54:2.6:CL:51514	NH1:ARG:4.949:nan
4KVM:39.18:2.6:CL:55179	O:ILE:4.896:72.268,NE:ARG:4.051:108.547,NH1:ARG:3.914:141.989,OD1:ASP:4.057:32.167,OD2:ASP:3.041:nan
4KVM:54.23:2.6:CL:56092	O:LYS:4.436:nan
5NHT:22.87:3.2:CL:1241	NH1:ARG:4.903:97.104,O:THR:4.754:78.991,N:ARG:4.110:106.677,NH1:ARG:4.851:166.869,NZ:LYS:2.937:nan
